ğŸ“/ğŸ“„ Name,What it is?,Where it is? (Folder),â¡ï¸ Click to Open in Drive
My Drive,ğŸ“ Folder,---,Open My Drive
Audio Transcription ,ğŸ“ Folder,My Drive,Open Folder
â—ï¸ Error reading items here,Error,Audio Transcription ,N/A
Cortona Dropzone,ğŸ“ Folder,My Drive,Open Folder
Google AI Studio,ğŸ“ Folder,Cortona Dropzone,Open Folder
â—ï¸ Error reading items here,Error,Google AI Studio,N/A
Macbook March 2025,ğŸ“ Folder,Cortona Dropzone,Open Folder
Wireless Diagnostics ,ğŸ“ Folder,Macbook March 2025,Open Folder
"WiFiDiagnostics_2025-02-24_08.14.34.804_macOS_Mac14,2_24D70",ğŸ“ Folder,Wireless Diagnostics ,Open Folder
CoreCapture,ğŸ“ Folder,"WiFiDiagnostics_2025-02-24_08.14.34.804_macOS_Mac14,2_24D70",Open Folder
WiFi,ğŸ“ Folder,CoreCapture,Open Folder
â—ï¸ Error reading items here,Error,"WiFiDiagnostics_2025-02-24_08.14.34.804_macOS_Mac14,2_24D70",N/A
"WiFiDiagnostics_2025-02-24_08.14.34.804_macOS_Mac14,2_24D70 2",ğŸ“ Folder,Wireless Diagnostics ,Open Folder
CoreCapture,ğŸ“ Folder,"WiFiDiagnostics_2025-02-24_08.14.34.804_macOS_Mac14,2_24D70 2",Open Folder
WiFi,ğŸ“ Folder,CoreCapture,Open Folder
â—ï¸ Error reading items here,Error,"WiFiDiagnostics_2025-02-24_08.14.34.804_macOS_Mac14,2_24D70 2",N/A
"WiFiDiagnostics_2025-02-24_09.18.38.519_macOS_Mac14,2_24D70",ğŸ“ Folder,Wireless Diagnostics ,Open Folder
CoreCapture,ğŸ“ Folder,"WiFiDiagnostics_2025-02-24_09.18.38.519_macOS_Mac14,2_24D70",Open Folder
WiFi,ğŸ“ Folder,CoreCapture,Open Folder
â—ï¸ Error reading items here,Error,"WiFiDiagnostics_2025-02-24_09.18.38.519_macOS_Mac14,2_24D70",N/A
aud,ğŸ“ Folder,Wireless Diagnostics ,Open Folder
uarp,ğŸ“ Folder,aud,Open Folder
updaterservice,ğŸ“ Folder,uarp,Open Folder
usbpd,ğŸ“ Folder,updaterservice,Open Folder
A2363,ğŸ“ Folder,usbpd,Open Folder
FTL246209TR1T20AD,ğŸ“ Folder,A2363,Open Folder
â—ï¸ Error reading items here,Error,FTL246209TR1T20AD,N/A
â—ï¸ Error reading items here,Error,Wireless Diagnostics ,N/A
Approvals 22525 ,ğŸ“ Folder,Macbook March 2025,Open Folder
â—ï¸ Error reading items here,Error,Approvals 22525 ,N/A
Oracle NetSuite Corporate Logos March 2024,ğŸ“ Folder,Macbook March 2025,Open Folder
Oracle-NetSuite_Logo_Half Version,ğŸ“ Folder,Oracle NetSuite Corporate Logos March 2024,Open Folder
AI,ğŸ“ Folder,Oracle-NetSuite_Logo_Half Version,Open Folder
â—ï¸ Error reading items here,Error,AI,N/A
PNG,ğŸ“ Folder,Oracle-NetSuite_Logo_Half Version,Open Folder
â—ï¸ Error reading items here,Error,PNG,N/A
EPS,ğŸ“ Folder,Oracle-NetSuite_Logo_Half Version,Open Folder
â—ï¸ Error reading items here,Error,EPS,N/A
PDF,ğŸ“ Folder,Oracle-NetSuite_Logo_Half Version,Open Folder
â—ï¸ Error reading items here,Error,PDF,N/A
â—ï¸ Error reading items here,Error,Oracle-NetSuite_Logo_Half Version,N/A
Text Versions,ğŸ“ Folder,Oracle NetSuite Corporate Logos March 2024,Open Folder
EPS,ğŸ“ Folder,Text Versions,Open Folder
â—ï¸ Error reading items here,Error,EPS,N/A
AI,ğŸ“ Folder,Text Versions,Open Folder
â—ï¸ Error reading items here,Error,AI,N/A
PNG,ğŸ“ Folder,Text Versions,Open Folder
â—ï¸ Error reading items here,Error,PNG,N/A
PDF,ğŸ“ Folder,Text Versions,Open Folder
â—ï¸ Error reading items here,Error,PDF,N/A
â—ï¸ Error reading items here,Error,Text Versions,N/A
â—ï¸ Error reading items here,Error,Oracle NetSuite Corporate Logos March 2024,N/A
R-Cubed biz dev planning 2025,ğŸ“ Folder,Macbook March 2025,Open Folder
â—ï¸ Error reading items here,Error,R-Cubed biz dev planning 2025,N/A
Oracle-NetSuite_Logo_Half Version,ğŸ“ Folder,Macbook March 2025,Open Folder
EPS,ğŸ“ Folder,Oracle-NetSuite_Logo_Half Version,Open Folder
â—ï¸ Error reading items here,Error,EPS,N/A
PDF,ğŸ“ Folder,Oracle-NetSuite_Logo_Half Version,Open Folder
â—ï¸ Error reading items here,Error,PDF,N/A
AI,ğŸ“ Folder,Oracle-NetSuite_Logo_Half Version,Open Folder
â—ï¸ Error reading items here,Error,AI,N/A
PNG,ğŸ“ Folder,Oracle-NetSuite_Logo_Half Version,Open Folder
â—ï¸ Error reading items here,Error,PNG,N/A
â—ï¸ Error reading items here,Error,Oracle-NetSuite_Logo_Half Version,N/A
Socials - First Post - Job Posting - Final Approval,ğŸ“ Folder,Macbook March 2025,Open Folder
â—ï¸ Error reading items here,Error,Socials - First Post - Job Posting - Final Approval,N/A
Web scraping tooltip text_files,ğŸ“ Folder,Macbook March 2025,Open Folder
â—ï¸ Error reading items here,Error,Web scraping tooltip text_files,N/A
Text Versions,ğŸ“ Folder,Macbook March 2025,Open Folder
AI,ğŸ“ Folder,Text Versions,Open Folder
â—ï¸ Error reading items here,Error,AI,N/A
EPS,ğŸ“ Folder,Text Versions,Open Folder
â—ï¸ Error reading items here,Error,EPS,N/A
PNG,ğŸ“ Folder,Text Versions,Open Folder
â—ï¸ Error reading items here,Error,PNG,N/A
PDF,ğŸ“ Folder,Text Versions,Open Folder
â—ï¸ Error reading items here,Error,PDF,N/A
â—ï¸ Error reading items here,Error,Text Versions,N/A
â—ï¸ Error reading items here,Error,Macbook March 2025,N/A
Rewind,ğŸ“ Folder,Cortona Dropzone,Open Folder
2025-02-23 23:53:44,ğŸ“ Folder,Rewind,Open Folder
2025-02-23 23:11:42,ğŸ“ Folder,Rewind,Open Folder
â—ï¸ Error reading items here,Error,2025-02-23 23:11:42,N/A
2025-02-23 23:04:05,ğŸ“ Folder,Rewind,Open Folder
â—ï¸ Error reading items here,Error,2025-02-23 23:04:05,N/A
2025-02-23 22:35:37,ğŸ“ Folder,Rewind,Open Folder
â—ï¸ Error reading items here,Error,2025-02-23 22:35:37,N/A
2025-02-23 23:13:10,ğŸ“ Folder,Rewind,Open Folder
â—ï¸ Error reading items here,Error,2025-02-23 23:13:10,N/A
2025-02-23 22:34:13,ğŸ“ Folder,Rewind,Open Folder
â—ï¸ Error reading items here,Error,2025-02-23 22:34:13,N/A
2025-02-23 22:29:23,ğŸ“ Folder,Rewind,Open Folder
â—ï¸ Error reading items here,Error,2025-02-23 22:29:23,N/A
2025-02-23 21:29:30,ğŸ“ Folder,Rewind,Open Folder
â—ï¸ Error reading items here,Error,2025-02-23 21:29:30,N/A
2025-02-23 21:49:17,ğŸ“ Folder,Rewind,Open Folder
â—ï¸ Error reading items here,Error,2025-02-23 21:49:17,N/A
2025-02-23 3:26:09,ğŸ“ Folder,Rewind,Open Folder
â—ï¸ Error reading items here,Error,2025-02-23 3:26:09,N/A
2025-02-23 21:48:20,ğŸ“ Folder,Rewind,Open Folder
â—ï¸ Error reading items here,Error,2025-02-23 21:48:20,N/A
2025-02-23 22:02:44,ğŸ“ Folder,Rewind,Open Folder
â—ï¸ Error reading items here,Error,2025-02-23 22:02:44,N/A
2025-02-23 21:18:31,ğŸ“ Folder,Rewind,Open Folder
â—ï¸ Error reading items here,Error,2025-02-23 21:18:31,N/A
2025-02-23 22:02:52,ğŸ“ Folder,Rewind,Open Folder
â—ï¸ Error reading items here,Error,2025-02-23 22:02:52,N/A
2025-02-23 21:25:17,ğŸ“ Folder,Rewind,Open Folder
â—ï¸ Error reading items here,Error,2025-02-23 21:25:17,N/A
2025-02-23 3:19:34,ğŸ“ Folder,Rewind,Open Folder
â—ï¸ Error reading items here,Error,2025-02-23 3:19:34,N/A
2025-02-23 2:47:23,ğŸ“ Folder,Rewind,Open Folder
â—ï¸ Error reading items here,Error,2025-02-23 2:47:23,N/A
2025-02-23 2:38:08,ğŸ“ Folder,Rewind,Open Folder
â—ï¸ Error reading items here,Error,2025-02-23 2:38:08,N/A
2025-02-23 2:16:24,ğŸ“ Folder,Rewind,Open Folder
â—ï¸ Error reading items here,Error,2025-02-23 2:16:24,N/A
2025-02-23 2:29:15,ğŸ“ Folder,Rewind,Open Folder
â—ï¸ Error reading items here,Error,2025-02-23 2:29:15,N/A
2025-02-22 16:39:38,ğŸ“ Folder,Rewind,Open Folder
â—ï¸ Error reading items here,Error,2025-02-22 16:39:38,N/A
2025-02-23 1:53:37,ğŸ“ Folder,Rewind,Open Folder
â—ï¸ Error reading items here,Error,2025-02-23 1:53:37,N/A
2025-02-22 16:45:10,ğŸ“ Folder,Rewind,Open Folder
â—ï¸ Error reading items here,Error,2025-02-22 16:45:10,N/A
2025-02-23 2:06:43,ğŸ“ Folder,Rewind,Open Folder
â—ï¸ Error reading items here,Error,2025-02-23 2:06:43,N/A
2025-02-22 17:03:00,ğŸ“ Folder,Rewind,Open Folder
â—ï¸ Error reading items here,Error,2025-02-22 17:03:00,N/A
2025-02-22 16:48:01,ğŸ“ Folder,Rewind,Open Folder
â—ï¸ Error reading items here,Error,2025-02-22 16:48:01,N/A
2025-02-22 2:49:55,ğŸ“ Folder,Rewind,Open Folder
â—ï¸ Error reading items here,Error,2025-02-22 2:49:55,N/A
2025-02-22 16:27:58,ğŸ“ Folder,Rewind,Open Folder
â—ï¸ Error reading items here,Error,2025-02-22 16:27:58,N/A
22,ğŸ“ Folder,Rewind,Open Folder
â—ï¸ Error reading items here,Error,22,N/A
23,ğŸ“ Folder,Rewind,Open Folder
â—ï¸ Error reading items here,Error,23,N/A
temp,ğŸ“ Folder,Rewind,Open Folder
â—ï¸ Error reading items here,Error,temp,N/A
chunks,ğŸ“ Folder,Rewind,Open Folder
202411,ğŸ“ Folder,chunks,Open Folder
12,ğŸ“ Folder,202411,Open Folder
25,ğŸ“ Folder,202411,Open Folder
23,ğŸ“ Folder,202411,Open Folder
13,ğŸ“ Folder,202411,Open Folder
22,ğŸ“ Folder,202411,Open Folder
15,ğŸ“ Folder,202411,Open Folder
14,ğŸ“ Folder,202411,Open Folder
6,ğŸ“ Folder,202411,Open Folder
24,ğŸ“ Folder,202411,Open Folder
11,ğŸ“ Folder,202411,Open Folder
19,ğŸ“ Folder,202411,Open Folder
10,ğŸ“ Folder,202411,Open Folder
21,ğŸ“ Folder,202411,Open Folder
7,ğŸ“ Folder,202411,Open Folder
8,ğŸ“ Folder,202411,Open Folder
17,ğŸ“ Folder,202411,Open Folder
1,ğŸ“ Folder,202411,Open Folder
9,ğŸ“ Folder,202411,Open Folder
26,ğŸ“ Folder,202411,Open Folder
20,ğŸ“ Folder,202411,Open Folder
18,ğŸ“ Folder,202411,Open Folder
5,ğŸ“ Folder,202411,Open Folder
27,ğŸ“ Folder,202411,Open Folder
4,ğŸ“ Folder,202411,Open Folder
202501,ğŸ“ Folder,chunks,Open Folder
13,ğŸ“ Folder,202501,Open Folder
24,ğŸ“ Folder,202501,Open Folder
23,ğŸ“ Folder,202501,Open Folder
12,ğŸ“ Folder,202501,Open Folder
25,ğŸ“ Folder,202501,Open Folder
14,ğŸ“ Folder,202501,Open Folder
22,ğŸ“ Folder,202501,Open Folder
15,ğŸ“ Folder,202501,Open Folder
31,ğŸ“ Folder,202501,Open Folder
9,ğŸ“ Folder,202501,Open Folder
26,ğŸ“ Folder,202501,Open Folder
7,ğŸ“ Folder,202501,Open Folder
21,ğŸ“ Folder,202501,Open Folder
6,ğŸ“ Folder,202501,Open Folder
30,ğŸ“ Folder,202501,Open Folder
8,ğŸ“ Folder,202501,Open Folder
1,ğŸ“ Folder,202501,Open Folder
19,ğŸ“ Folder,202501,Open Folder
17,ğŸ“ Folder,202501,Open Folder
2,ğŸ“ Folder,202501,Open Folder
18,ğŸ“ Folder,202501,Open Folder
20,ğŸ“ Folder,202501,Open Folder
4,ğŸ“ Folder,202501,Open Folder
29,ğŸ“ Folder,202501,Open Folder
27,ğŸ“ Folder,202501,Open Folder
16,ğŸ“ Folder,202501,Open Folder
5,ğŸ“ Folder,202501,Open Folder
28,ğŸ“ Folder,202501,Open Folder
3,ğŸ“ Folder,202501,Open Folder
202409,ğŸ“ Folder,chunks,Open Folder
24,ğŸ“ Folder,202409,Open Folder
22,ğŸ“ Folder,202409,Open Folder
23,ğŸ“ Folder,202409,Open Folder
30,ğŸ“ Folder,202409,Open Folder
26,ğŸ“ Folder,202409,Open Folder
25,ğŸ“ Folder,202409,Open Folder
28,ğŸ“ Folder,202409,Open Folder
27,ğŸ“ Folder,202409,Open Folder
29,ğŸ“ Folder,202409,Open Folder
â—ï¸ Error reading items here,Error,202409,N/A
202502,ğŸ“ Folder,chunks,Open Folder
22,ğŸ“ Folder,202502,Open Folder
14,ğŸ“ Folder,202502,Open Folder
9,ğŸ“ Folder,202502,Open Folder
12,ğŸ“ Folder,202502,Open Folder
1,ğŸ“ Folder,202502,Open Folder
8,ğŸ“ Folder,202502,Open Folder
19,ğŸ“ Folder,202502,Open Folder
21,ğŸ“ Folder,202502,Open Folder
13,ğŸ“ Folder,202502,Open Folder
7,ğŸ“ Folder,202502,Open Folder
6,ğŸ“ Folder,202502,Open Folder
23,ğŸ“ Folder,202502,Open Folder
4,ğŸ“ Folder,202502,Open Folder
16,ğŸ“ Folder,202502,Open Folder
11,ğŸ“ Folder,202502,Open Folder
17,ğŸ“ Folder,202502,Open Folder
10,ğŸ“ Folder,202502,Open Folder
3,ğŸ“ Folder,202502,Open Folder
5,ğŸ“ Folder,202502,Open Folder
20,ğŸ“ Folder,202502,Open Folder
18,ğŸ“ Folder,202502,Open Folder
2,ğŸ“ Folder,202502,Open Folder
202410,ğŸ“ Folder,chunks,Open Folder
12,ğŸ“ Folder,202410,Open Folder
25,ğŸ“ Folder,202410,Open Folder
22,ğŸ“ Folder,202410,Open Folder
15,ğŸ“ Folder,202410,Open Folder
14,ğŸ“ Folder,202410,Open Folder
21,ğŸ“ Folder,202410,Open Folder
8,ğŸ“ Folder,202410,Open Folder
31,ğŸ“ Folder,202410,Open Folder
6,ğŸ“ Folder,202410,Open Folder
23,ğŸ“ Folder,202410,Open Folder
30,ğŸ“ Folder,202410,Open Folder
9,ğŸ“ Folder,202410,Open Folder
1,ğŸ“ Folder,202410,Open Folder
24,ğŸ“ Folder,202410,Open Folder
7,ğŸ“ Folder,202410,Open Folder
2,ğŸ“ Folder,202410,Open Folder
28,ğŸ“ Folder,202410,Open Folder
17,ğŸ“ Folder,202410,Open Folder
11,ğŸ“ Folder,202410,Open Folder
5,ğŸ“ Folder,202410,Open Folder
29,ğŸ“ Folder,202410,Open Folder
10,ğŸ“ Folder,202410,Open Folder
18,ğŸ“ Folder,202410,Open Folder
16,ğŸ“ Folder,202410,Open Folder
4,ğŸ“ Folder,202410,Open Folder
3,ğŸ“ Folder,202410,Open Folder
202412,ğŸ“ Folder,chunks,Open Folder
26,ğŸ“ Folder,202412,Open Folder
30,ğŸ“ Folder,202412,Open Folder
21,ğŸ“ Folder,202412,Open Folder
31,ğŸ“ Folder,202412,Open Folder
15,ğŸ“ Folder,202412,Open Folder
8,ğŸ“ Folder,202412,Open Folder
13,ğŸ“ Folder,202412,Open Folder
23,ğŸ“ Folder,202412,Open Folder
9,ğŸ“ Folder,202412,Open Folder
14,ğŸ“ Folder,202412,Open Folder
28,ğŸ“ Folder,202412,Open Folder
29,ğŸ“ Folder,202412,Open Folder
20,ğŸ“ Folder,202412,Open Folder
16,ğŸ“ Folder,202412,Open Folder
2,ğŸ“ Folder,202412,Open Folder
17,ğŸ“ Folder,202412,Open Folder
27,ğŸ“ Folder,202412,Open Folder
11,ğŸ“ Folder,202412,Open Folder
19,ğŸ“ Folder,202412,Open Folder
18,ğŸ“ Folder,202412,Open Folder
3,ğŸ“ Folder,202412,Open Folder
4,ğŸ“ Folder,202412,Open Folder
5,ğŸ“ Folder,202412,Open Folder
snippets,ğŸ“ Folder,Rewind,Open Folder
2024-12-18 15:56:38,ğŸ“ Folder,snippets,Open Folder
2025-01-21 1:09:17,ğŸ“ Folder,snippets,Open Folder
2025-02-10 3:59:15,ğŸ“ Folder,snippets,Open Folder
2025-01-27 23:37:43,ğŸ“ Folder,snippets,Open Folder
2024-12-31 18:14:23,ğŸ“ Folder,snippets,Open Folder
2025-01-03 0:44:06,ğŸ“ Folder,snippets,Open Folder
2024-09-28 18:28:20,ğŸ“ Folder,snippets,Open Folder
2024-11-19 19:08:29,ğŸ“ Folder,snippets,Open Folder
2025-01-03 17:44:44,ğŸ“ Folder,snippets,Open Folder
2024-12-23 20:41:11,ğŸ“ Folder,snippets,Open Folder
2024-11-15 16:05:56,ğŸ“ Folder,snippets,Open Folder
2025-01-28 3:27:00,ğŸ“ Folder,snippets,Open Folder
2025-01-01 20:05:02,ğŸ“ Folder,snippets,Open Folder
2024-11-18 19:37:56,ğŸ“ Folder,snippets,Open Folder
2024-12-11 22:37:23,ğŸ“ Folder,snippets,Open Folder
2024-11-14 20:25:09,ğŸ“ Folder,snippets,Open Folder
2024-11-04 21:32:42,ğŸ“ Folder,snippets,Open Folder
2024-10-03 1:35:21,ğŸ“ Folder,snippets,Open Folder
2025-02-11 22:28:08,ğŸ“ Folder,snippets,Open Folder
2025-02-20 21:23:27,ğŸ“ Folder,snippets,Open Folder
2025-02-19 19:42:10,ğŸ“ Folder,snippets,Open Folder
2024-11-01 16:16:42,ğŸ“ Folder,snippets,Open Folder
2024-12-13 20:29:05,ğŸ“ Folder,snippets,Open Folder
2024-11-21 23:55:25,ğŸ“ Folder,snippets,Open Folder
2024-12-19 16:19:30,ğŸ“ Folder,snippets,Open Folder
2024-11-14 18:01:41,ğŸ“ Folder,snippets,Open Folder
2024-11-22 22:55:34,ğŸ“ Folder,snippets,Open Folder
2025-01-28 0:19:54,ğŸ“ Folder,snippets,Open Folder
2025-02-20 17:18:54,ğŸ“ Folder,snippets,Open Folder
2025-01-05 1:51:54,ğŸ“ Folder,snippets,Open Folder
2025-01-20 19:52:45,ğŸ“ Folder,snippets,Open Folder
2024-10-14 18:49:49,ğŸ“ Folder,snippets,Open Folder
2025-02-18 22:25:38,ğŸ“ Folder,snippets,Open Folder
2024-11-07 18:47:15,ğŸ“ Folder,snippets,Open Folder
2024-11-05 21:50:55,ğŸ“ Folder,snippets,Open Folder
2024-09-26 21:08:36,ğŸ“ Folder,snippets,Open Folder
2025-02-11 0:39:09,ğŸ“ Folder,snippets,Open Folder
2025-02-21 2:17:33,ğŸ“ Folder,snippets,Open Folder
2024-12-13 18:48:16,ğŸ“ Folder,snippets,Open Folder
2025-02-13 2:28:56,ğŸ“ Folder,snippets,Open Folder
2024-11-19 2:23:02,ğŸ“ Folder,snippets,Open Folder
2024-11-15 16:01:50,ğŸ“ Folder,snippets,Open Folder
2025-02-09 22:07:32,ğŸ“ Folder,snippets,Open Folder
2025-02-10 3:38:13,ğŸ“ Folder,snippets,Open Folder
2024-11-04 15:36:24,ğŸ“ Folder,snippets,Open Folder
2025-02-21 2:03:57,ğŸ“ Folder,snippets,Open Folder
2025-02-07 22:21:58,ğŸ“ Folder,snippets,Open Folder
2024-11-15 18:31:40,ğŸ“ Folder,snippets,Open Folder
2024-10-09 21:33:08,ğŸ“ Folder,snippets,Open Folder
2024-11-19 2:17:05,ğŸ“ Folder,snippets,Open Folder
2024-11-23 20:08:36,ğŸ“ Folder,snippets,Open Folder
2024-12-04 21:35:41,ğŸ“ Folder,snippets,Open Folder
2024-11-23 18:20:11,ğŸ“ Folder,snippets,Open Folder
2024-10-05 2:17:06,ğŸ“ Folder,snippets,Open Folder
2025-02-14 4:16:51,ğŸ“ Folder,snippets,Open Folder
2024-09-28 20:37:16,ğŸ“ Folder,snippets,Open Folder
2024-12-02 23:05:54,ğŸ“ Folder,snippets,Open Folder
2025-01-26 20:39:16,ğŸ“ Folder,snippets,Open Folder
2025-02-23 2:29:15,ğŸ“ Folder,snippets,Open Folder
2024-10-04 16:53:33,ğŸ“ Folder,snippets,Open Folder
2024-10-11 15:38:08,ğŸ“ Folder,snippets,Open Folder
2025-02-23 21:29:30,ğŸ“ Folder,snippets,Open Folder
2025-01-23 19:19:39,ğŸ“ Folder,snippets,Open Folder
2025-02-20 19:03:56,ğŸ“ Folder,snippets,Open Folder
2024-09-30 18:00:32,ğŸ“ Folder,snippets,Open Folder
2024-12-12 4:05:53,ğŸ“ Folder,snippets,Open Folder
2024-11-04 21:22:27,ğŸ“ Folder,snippets,Open Folder
2024-11-06 19:34:21,ğŸ“ Folder,snippets,Open Folder
2024-11-10 3:33:46,ğŸ“ Folder,snippets,Open Folder
2025-01-13 2:51:48,ğŸ“ Folder,snippets,Open Folder
2025-02-10 16:30:52,ğŸ“ Folder,snippets,Open Folder
2024-12-17 21:09:00,ğŸ“ Folder,snippets,Open Folder
2024-12-16 20:51:28,ğŸ“ Folder,snippets,Open Folder
2025-01-26 23:34:52,ğŸ“ Folder,snippets,Open Folder
2025-02-08 20:42:35,ğŸ“ Folder,snippets,Open Folder
2025-02-03 16:10:10,ğŸ“ Folder,snippets,Open Folder
2025-02-11 18:14:26,ğŸ“ Folder,snippets,Open Folder
2025-01-02 20:08:02,ğŸ“ Folder,snippets,Open Folder
2024-11-06 14:05:22,ğŸ“ Folder,snippets,Open Folder
2025-01-01 16:05:08,ğŸ“ Folder,snippets,Open Folder
2024-11-06 15:42:29,ğŸ“ Folder,snippets,Open Folder
2024-12-08 21:39:51,ğŸ“ Folder,snippets,Open Folder
2025-01-12 20:19:11,ğŸ“ Folder,snippets,Open Folder
2025-02-07 21:24:43,ğŸ“ Folder,snippets,Open Folder
2025-02-07 23:14:10,ğŸ“ Folder,snippets,Open Folder
2024-11-14 17:49:14,ğŸ“ Folder,snippets,Open Folder
2025-01-28 23:29:48,ğŸ“ Folder,snippets,Open Folder
2025-01-30 16:33:54,ğŸ“ Folder,snippets,Open Folder
2024-12-04 21:26:35,ğŸ“ Folder,snippets,Open Folder
2025-01-28 23:32:30,ğŸ“ Folder,snippets,Open Folder
2025-01-01 18:53:38,ğŸ“ Folder,snippets,Open Folder
2025-02-10 3:45:27,ğŸ“ Folder,snippets,Open Folder
2024-12-13 19:56:18,ğŸ“ Folder,snippets,Open Folder
2025-01-01 6:57:24,ğŸ“ Folder,snippets,Open Folder
2024-10-10 17:14:33,ğŸ“ Folder,snippets,Open Folder
2025-02-10 3:18:48,ğŸ“ Folder,snippets,Open Folder
2025-01-18 3:09:35,ğŸ“ Folder,snippets,Open Folder
2024-12-09 15:29:09,ğŸ“ Folder,snippets,Open Folder
2024-11-26 17:24:02,ğŸ“ Folder,snippets,Open Folder
2025-01-06 15:28:05,ğŸ“ Folder,snippets,Open Folder
2024-12-13 20:11:37,ğŸ“ Folder,snippets,Open Folder
2024-10-10 14:25:28,ğŸ“ Folder,snippets,Open Folder
2025-01-26 22:09:16,ğŸ“ Folder,snippets,Open Folder
2024-10-12 19:05:26,ğŸ“ Folder,snippets,Open Folder
2024-12-02 15:35:33,ğŸ“ Folder,snippets,Open Folder
2024-09-30 14:27:56,ğŸ“ Folder,snippets,Open Folder
2025-02-18 15:00:45,ğŸ“ Folder,snippets,Open Folder
2024-10-04 1:12:49,ğŸ“ Folder,snippets,Open Folder
2025-01-14 20:48:03,ğŸ“ Folder,snippets,Open Folder
2025-01-06 16:40:41,ğŸ“ Folder,snippets,Open Folder
2024-11-01 16:15:00,ğŸ“ Folder,snippets,Open Folder
2025-01-15 20:58:57,ğŸ“ Folder,snippets,Open Folder
2025-01-03 22:14:09,ğŸ“ Folder,snippets,Open Folder
2024-11-05 21:48:04,ğŸ“ Folder,snippets,Open Folder
2024-09-30 15:39:02,ğŸ“ Folder,snippets,Open Folder
2024-10-14 20:33:13,ğŸ“ Folder,snippets,Open Folder
2024-11-13 17:14:56,ğŸ“ Folder,snippets,Open Folder
2024-11-07 16:54:12,ğŸ“ Folder,snippets,Open Folder
2024-10-08 16:31:37,ğŸ“ Folder,snippets,Open Folder
2024-10-03 17:41:25,ğŸ“ Folder,snippets,Open Folder
2024-12-31 18:20:41,ğŸ“ Folder,snippets,Open Folder
2025-01-14 20:43:43,ğŸ“ Folder,snippets,Open Folder
2025-01-12 19:46:59,ğŸ“ Folder,snippets,Open Folder
2024-10-11 15:28:08,ğŸ“ Folder,snippets,Open Folder
2024-12-30 22:27:29,ğŸ“ Folder,snippets,Open Folder
2025-02-14 3:01:30,ğŸ“ Folder,snippets,Open Folder
2024-09-24 18:51:01,ğŸ“ Folder,snippets,Open Folder
2025-01-02 22:34:52,ğŸ“ Folder,snippets,Open Folder
2024-11-15 16:48:30,ğŸ“ Folder,snippets,Open Folder
2025-01-19 18:09:33,ğŸ“ Folder,snippets,Open Folder
2025-01-14 17:13:37,ğŸ“ Folder,snippets,Open Folder
2025-02-19 5:17:35,ğŸ“ Folder,snippets,Open Folder
2024-12-23 19:39:23,ğŸ“ Folder,snippets,Open Folder
2024-12-26 18:48:28,ğŸ“ Folder,snippets,Open Folder
2025-02-06 16:32:27,ğŸ“ Folder,snippets,Open Folder
2025-01-27 23:17:45,ğŸ“ Folder,snippets,Open Folder
2024-11-13 1:57:28,ğŸ“ Folder,snippets,Open Folder
2025-01-26 20:36:35,ğŸ“ Folder,snippets,Open Folder
2025-02-22 16:27:58,ğŸ“ Folder,snippets,Open Folder
2024-09-30 18:08:06,ğŸ“ Folder,snippets,Open Folder
2024-12-31 23:32:05,ğŸ“ Folder,snippets,Open Folder
2024-12-09 16:03:39,ğŸ“ Folder,snippets,Open Folder
2024-09-23 19:29:33,ğŸ“ Folder,snippets,Open Folder
2024-10-02 21:46:31,ğŸ“ Folder,snippets,Open Folder
2025-01-26 22:39:19,ğŸ“ Folder,snippets,Open Folder
2024-11-01 15:45:14,ğŸ“ Folder,snippets,Open Folder
2024-10-14 14:27:28,ğŸ“ Folder,snippets,Open Folder
2025-02-19 15:59:22,ğŸ“ Folder,snippets,Open Folder
2024-12-16 15:16:17,ğŸ“ Folder,snippets,Open Folder
2024-11-21 18:22:32,ğŸ“ Folder,snippets,Open Folder
2024-12-23 16:24:41,ğŸ“ Folder,snippets,Open Folder
2025-01-15 0:37:19,ğŸ“ Folder,snippets,Open Folder
2025-01-03 23:25:47,ğŸ“ Folder,snippets,Open Folder
2025-02-20 1:32:27,ğŸ“ Folder,snippets,Open Folder
2024-11-19 0:46:35,ğŸ“ Folder,snippets,Open Folder
2024-10-09 19:42:24,ğŸ“ Folder,snippets,Open Folder
2025-02-21 3:12:29,ğŸ“ Folder,snippets,Open Folder
2025-01-27 15:45:57,ğŸ“ Folder,snippets,Open Folder
2025-02-04 18:55:46,ğŸ“ Folder,snippets,Open Folder
2024-11-04 21:53:19,ğŸ“ Folder,snippets,Open Folder
2024-12-17 1:45:57,ğŸ“ Folder,snippets,Open Folder
2025-01-27 19:37:50,ğŸ“ Folder,snippets,Open Folder
2025-02-06 23:34:29,ğŸ“ Folder,snippets,Open Folder
2024-09-28 22:56:27,ğŸ“ Folder,snippets,Open Folder
2024-11-05 18:14:09,ğŸ“ Folder,snippets,Open Folder
2024-12-31 16:55:03,ğŸ“ Folder,snippets,Open Folder
2024-11-04 22:18:19,ğŸ“ Folder,snippets,Open Folder
2025-02-05 23:26:03,ğŸ“ Folder,snippets,Open Folder
2024-10-04 1:35:33,ğŸ“ Folder,snippets,Open Folder
2025-02-11 1:56:52,ğŸ“ Folder,snippets,Open Folder
2025-01-21 0:24:38,ğŸ“ Folder,snippets,Open Folder
2025-01-27 19:13:04,ğŸ“ Folder,snippets,Open Folder
2025-01-18 15:23:12,ğŸ“ Folder,snippets,Open Folder
2025-01-28 5:05:11,ğŸ“ Folder,snippets,Open Folder
2025-01-21 1:21:47,ğŸ“ Folder,snippets,Open Folder
2024-10-03 14:35:54,ğŸ“ Folder,snippets,Open Folder
2025-02-13 0:27:18,ğŸ“ Folder,snippets,Open Folder
2025-02-04 19:58:50,ğŸ“ Folder,snippets,Open Folder
2024-11-13 21:52:20,ğŸ“ Folder,snippets,Open Folder
2025-01-01 6:58:31,ğŸ“ Folder,snippets,Open Folder
2025-01-14 20:02:19,ğŸ“ Folder,snippets,Open Folder
2025-02-07 22:58:01,ğŸ“ Folder,snippets,Open Folder
2025-01-22 16:34:00,ğŸ“ Folder,snippets,Open Folder
2025-01-26 22:53:58,ğŸ“ Folder,snippets,Open Folder
2024-11-05 20:04:41,ğŸ“ Folder,snippets,Open Folder
2025-01-02 16:00:03,ğŸ“ Folder,snippets,Open Folder
2024-11-18 21:24:55,ğŸ“ Folder,snippets,Open Folder
2025-01-21 19:30:39,ğŸ“ Folder,snippets,Open Folder
2024-09-23 3:41:23,ğŸ“ Folder,snippets,Open Folder
2025-01-07 17:45:53,ğŸ“ Folder,snippets,Open Folder
2025-01-14 18:21:25,ğŸ“ Folder,snippets,Open Folder
2024-12-18 20:32:27,ğŸ“ Folder,snippets,Open Folder
2025-01-06 15:07:44,ğŸ“ Folder,snippets,Open Folder
2025-02-13 18:31:12,ğŸ“ Folder,snippets,Open Folder
2025-02-07 21:34:29,ğŸ“ Folder,snippets,Open Folder
2024-12-30 20:24:07,ğŸ“ Folder,snippets,Open Folder
2024-10-09 14:44:55,ğŸ“ Folder,snippets,Open Folder
2024-12-02 16:45:16,ğŸ“ Folder,snippets,Open Folder
2024-11-22 22:04:04,ğŸ“ Folder,snippets,Open Folder
2025-01-03 22:04:37,ğŸ“ Folder,snippets,Open Folder
2024-12-26 19:52:21,ğŸ“ Folder,snippets,Open Folder
2025-02-11 22:00:03,ğŸ“ Folder,snippets,Open Folder
2024-10-09 23:28:46,ğŸ“ Folder,snippets,Open Folder
2025-01-02 23:44:14,ğŸ“ Folder,snippets,Open Folder
2025-02-20 22:02:58,ğŸ“ Folder,snippets,Open Folder
2025-02-21 1:58:05,ğŸ“ Folder,snippets,Open Folder
2025-01-01 7:00:45,ğŸ“ Folder,snippets,Open Folder
2024-12-23 19:05:16,ğŸ“ Folder,snippets,Open Folder
2024-12-11 20:56:47,ğŸ“ Folder,snippets,Open Folder
2025-01-01 4:58:31,ğŸ“ Folder,snippets,Open Folder
2024-11-21 15:08:41,ğŸ“ Folder,snippets,Open Folder
2025-01-21 23:52:32,ğŸ“ Folder,snippets,Open Folder
2025-02-20 21:10:00,ğŸ“ Folder,snippets,Open Folder
2025-02-10 19:12:40,ğŸ“ Folder,snippets,Open Folder
2025-02-21 16:48:14,ğŸ“ Folder,snippets,Open Folder
2024-10-10 22:06:02,ğŸ“ Folder,snippets,Open Folder
2024-12-30 22:30:00,ğŸ“ Folder,snippets,Open Folder
2024-10-08 16:48:59,ğŸ“ Folder,snippets,Open Folder
2024-10-11 15:07:49,ğŸ“ Folder,snippets,Open Folder
2024-11-13 17:20:03,ğŸ“ Folder,snippets,Open Folder
2024-12-18 8:05:10,ğŸ“ Folder,snippets,Open Folder
2024-11-14 17:55:16,ğŸ“ Folder,snippets,Open Folder
2025-02-03 18:42:16,ğŸ“ Folder,snippets,Open Folder
2024-09-23 19:39:32,ğŸ“ Folder,snippets,Open Folder
2024-09-23 14:27:25,ğŸ“ Folder,snippets,Open Folder
2025-01-05 17:21:35,ğŸ“ Folder,snippets,Open Folder
2024-12-08 22:56:04,ğŸ“ Folder,snippets,Open Folder
2024-09-27 17:08:02,ğŸ“ Folder,snippets,Open Folder
2024-11-23 18:27:38,ğŸ“ Folder,snippets,Open Folder
2025-01-06 21:55:03,ğŸ“ Folder,snippets,Open Folder
2025-01-14 21:07:05,ğŸ“ Folder,snippets,Open Folder
2024-12-11 21:06:37,ğŸ“ Folder,snippets,Open Folder
2025-02-08 21:50:08,ğŸ“ Folder,snippets,Open Folder
2024-09-26 18:53:15,ğŸ“ Folder,snippets,Open Folder
2025-01-07 2:34:11,ğŸ“ Folder,snippets,Open Folder
2024-11-06 3:43:25,ğŸ“ Folder,snippets,Open Folder
2025-02-07 23:42:01,ğŸ“ Folder,snippets,Open Folder
2025-01-19 18:40:52,ğŸ“ Folder,snippets,Open Folder
2025-02-06 16:26:29,ğŸ“ Folder,snippets,Open Folder
2024-10-03 0:46:13,ğŸ“ Folder,snippets,Open Folder
2025-02-11 16:34:52,ğŸ“ Folder,snippets,Open Folder
2025-01-27 19:59:45,ğŸ“ Folder,snippets,Open Folder
2025-02-12 16:05:03,ğŸ“ Folder,snippets,Open Folder
2024-12-30 20:10:31,ğŸ“ Folder,snippets,Open Folder
2025-01-15 17:56:30,ğŸ“ Folder,snippets,Open Folder
2025-01-01 17:38:28,ğŸ“ Folder,snippets,Open Folder
2024-10-10 17:08:53,ğŸ“ Folder,snippets,Open Folder
2025-01-20 1:16:32,ğŸ“ Folder,snippets,Open Folder
2025-02-13 18:32:04,ğŸ“ Folder,snippets,Open Folder
2024-12-31 19:43:45,ğŸ“ Folder,snippets,Open Folder
2025-02-17 14:49:43,ğŸ“ Folder,snippets,Open Folder
2024-12-31 20:17:26,ğŸ“ Folder,snippets,Open Folder
2025-01-13 19:00:46,ğŸ“ Folder,snippets,Open Folder
2024-11-15 7:13:57,ğŸ“ Folder,snippets,Open Folder
2025-02-06 22:35:34,ğŸ“ Folder,snippets,Open Folder
2025-02-13 0:17:45,ğŸ“ Folder,snippets,Open Folder
2025-02-21 17:42:12,ğŸ“ Folder,snippets,Open Folder
2025-02-21 0:59:43,ğŸ“ Folder,snippets,Open Folder
2025-02-11 3:18:47,ğŸ“ Folder,snippets,Open Folder
2024-12-09 14:45:42,ğŸ“ Folder,snippets,Open Folder
2024-12-18 21:10:22,ğŸ“ Folder,snippets,Open Folder
2024-11-13 20:26:56,ğŸ“ Folder,snippets,Open Folder
2025-02-07 21:37:00,ğŸ“ Folder,snippets,Open Folder
2024-10-04 12:20:25,ğŸ“ Folder,snippets,Open Folder
2024-10-10 23:24:00,ğŸ“ Folder,snippets,Open Folder
2024-11-04 22:20:24,ğŸ“ Folder,snippets,Open Folder
2025-02-21 3:21:54,ğŸ“ Folder,snippets,Open Folder
2024-12-30 20:18:51,ğŸ“ Folder,snippets,Open Folder
2024-12-11 21:05:26,ğŸ“ Folder,snippets,Open Folder
2025-01-27 2:55:13,ğŸ“ Folder,snippets,Open Folder
2025-02-19 2:27:10,ğŸ“ Folder,snippets,Open Folder
2025-02-11 21:19:12,ğŸ“ Folder,snippets,Open Folder
2025-01-01 15:56:34,ğŸ“ Folder,snippets,Open Folder
2025-02-03 18:45:30,ğŸ“ Folder,snippets,Open Folder
2025-01-25 22:20:10,ğŸ“ Folder,snippets,Open Folder
2024-12-30 22:24:55,ğŸ“ Folder,snippets,Open Folder
2024-12-04 22:59:05,ğŸ“ Folder,snippets,Open Folder
2025-01-15 17:45:44,ğŸ“ Folder,snippets,Open Folder
2024-12-19 19:41:39,ğŸ“ Folder,snippets,Open Folder
2025-02-13 1:11:22,ğŸ“ Folder,snippets,Open Folder
2024-11-24 19:43:00,ğŸ“ Folder,snippets,Open Folder
2025-02-01 19:20:26,ğŸ“ Folder,snippets,Open Folder
2025-01-03 19:29:05,ğŸ“ Folder,snippets,Open Folder
2025-01-21 3:48:26,ğŸ“ Folder,snippets,Open Folder
2025-01-03 23:43:35,ğŸ“ Folder,snippets,Open Folder
2024-12-19 1:09:20,ğŸ“ Folder,snippets,Open Folder
2024-12-19 17:42:06,ğŸ“ Folder,snippets,Open Folder
2025-02-10 1:41:44,ğŸ“ Folder,snippets,Open Folder
2024-12-26 18:50:47,ğŸ“ Folder,snippets,Open Folder
2025-01-03 21:43:51,ğŸ“ Folder,snippets,Open Folder
2025-01-21 2:42:29,ğŸ“ Folder,snippets,Open Folder
2024-12-19 16:31:35,ğŸ“ Folder,snippets,Open Folder
2024-11-15 3:35:41,ğŸ“ Folder,snippets,Open Folder
2024-12-09 20:27:59,ğŸ“ Folder,snippets,Open Folder
2024-11-21 15:52:37,ğŸ“ Folder,snippets,Open Folder
2025-01-28 2:02:25,ğŸ“ Folder,snippets,Open Folder
2024-11-05 20:34:23,ğŸ“ Folder,snippets,Open Folder
2024-11-07 0:46:37,ğŸ“ Folder,snippets,Open Folder
2025-01-14 18:25:48,ğŸ“ Folder,snippets,Open Folder
2024-10-16 20:44:09,ğŸ“ Folder,snippets,Open Folder
2024-10-02 18:06:06,ğŸ“ Folder,snippets,Open Folder
2025-01-28 4:27:23,ğŸ“ Folder,snippets,Open Folder
2025-01-01 23:04:44,ğŸ“ Folder,snippets,Open Folder
2024-12-11 21:11:11,ğŸ“ Folder,snippets,Open Folder
2024-12-19 16:26:22,ğŸ“ Folder,snippets,Open Folder
2024-12-31 0:06:28,ğŸ“ Folder,snippets,Open Folder
2024-09-25 13:34:03,ğŸ“ Folder,snippets,Open Folder
2025-01-17 14:56:29,ğŸ“ Folder,snippets,Open Folder
2025-02-01 5:03:41,ğŸ“ Folder,snippets,Open Folder
2025-01-25 0:31:42,ğŸ“ Folder,snippets,Open Folder
2024-10-09 23:55:17,ğŸ“ Folder,snippets,Open Folder
2024-12-02 14:59:14,ğŸ“ Folder,snippets,Open Folder
2024-10-09 20:01:34,ğŸ“ Folder,snippets,Open Folder
2024-10-14 14:33:43,ğŸ“ Folder,snippets,Open Folder
2024-12-20 17:04:35,ğŸ“ Folder,snippets,Open Folder
2024-12-31 22:20:31,ğŸ“ Folder,snippets,Open Folder
2025-01-03 22:24:36,ğŸ“ Folder,snippets,Open Folder
2025-02-10 3:27:54,ğŸ“ Folder,snippets,Open Folder
2025-01-28 18:34:18,ğŸ“ Folder,snippets,Open Folder
2024-10-09 16:01:37,ğŸ“ Folder,snippets,Open Folder
2024-12-09 14:49:41,ğŸ“ Folder,snippets,Open Folder
2025-01-26 20:57:32,ğŸ“ Folder,snippets,Open Folder
2024-10-10 13:40:56,ğŸ“ Folder,snippets,Open Folder
2024-12-17 16:52:50,ğŸ“ Folder,snippets,Open Folder
2024-10-08 11:36:59,ğŸ“ Folder,snippets,Open Folder
2024-09-23 3:46:35,ğŸ“ Folder,snippets,Open Folder
2024-10-09 15:55:14,ğŸ“ Folder,snippets,Open Folder
2025-01-21 19:56:18,ğŸ“ Folder,snippets,Open Folder
2025-01-25 17:32:18,ğŸ“ Folder,snippets,Open Folder
2024-12-31 23:58:42,ğŸ“ Folder,snippets,Open Folder
2024-09-26 15:14:00,ğŸ“ Folder,snippets,Open Folder
2024-11-01 16:25:38,ğŸ“ Folder,snippets,Open Folder
2024-11-21 21:04:14,ğŸ“ Folder,snippets,Open Folder
2024-11-06 21:03:41,ğŸ“ Folder,snippets,Open Folder
2024-12-23 20:03:37,ğŸ“ Folder,snippets,Open Folder
2024-10-02 15:27:56,ğŸ“ Folder,snippets,Open Folder
2024-11-26 1:39:03,ğŸ“ Folder,snippets,Open Folder
2025-01-28 4:23:14,ğŸ“ Folder,snippets,Open Folder
2024-11-20 15:14:18,ğŸ“ Folder,snippets,Open Folder
2025-01-16 17:40:41,ğŸ“ Folder,snippets,Open Folder
2025-01-14 20:29:04,ğŸ“ Folder,snippets,Open Folder
2025-01-26 21:20:36,ğŸ“ Folder,snippets,Open Folder
2025-01-02 18:37:02,ğŸ“ Folder,snippets,Open Folder
2024-11-21 17:33:08,ğŸ“ Folder,snippets,Open Folder
2025-02-09 23:53:16,ğŸ“ Folder,snippets,Open Folder
2025-02-07 22:48:53,ğŸ“ Folder,snippets,Open Folder
2024-12-30 19:15:39,ğŸ“ Folder,snippets,Open Folder
2025-02-12 16:40:33,ğŸ“ Folder,snippets,Open Folder
2024-11-21 2:56:16,ğŸ“ Folder,snippets,Open Folder
2025-01-23 17:26:34,ğŸ“ Folder,snippets,Open Folder
2025-02-18 22:36:21,ğŸ“ Folder,snippets,Open Folder
2025-01-25 21:12:49,ğŸ“ Folder,snippets,Open Folder
2025-01-08 22:42:10,ğŸ“ Folder,snippets,Open Folder
2024-12-31 19:16:17,ğŸ“ Folder,snippets,Open Folder
2025-01-27 22:19:44,ğŸ“ Folder,snippets,Open Folder
2024-10-14 20:28:06,ğŸ“ Folder,snippets,Open Folder
2024-12-03 19:12:34,ğŸ“ Folder,snippets,Open Folder
2024-12-11 19:43:15,ğŸ“ Folder,snippets,Open Folder
2024-12-23 20:59:46,ğŸ“ Folder,snippets,Open Folder
2025-01-26 20:35:13,ğŸ“ Folder,snippets,Open Folder
2024-09-29 15:26:07,ğŸ“ Folder,snippets,Open Folder
2025-01-07 17:52:43,ğŸ“ Folder,snippets,Open Folder
2025-01-02 19:02:44,ğŸ“ Folder,snippets,Open Folder
2025-01-27 18:48:04,ğŸ“ Folder,snippets,Open Folder
2025-01-20 22:57:21,ğŸ“ Folder,snippets,Open Folder
2025-02-18 0:20:06,ğŸ“ Folder,snippets,Open Folder
2024-09-30 13:14:09,ğŸ“ Folder,snippets,Open Folder
2024-11-22 15:39:44,ğŸ“ Folder,snippets,Open Folder
2025-02-21 1:53:11,ğŸ“ Folder,snippets,Open Folder
2024-11-14 22:21:06,ğŸ“ Folder,snippets,Open Folder
2024-12-31 19:32:43,ğŸ“ Folder,snippets,Open Folder
2024-12-17 21:57:22,ğŸ“ Folder,snippets,Open Folder
2025-01-23 23:35:20,ğŸ“ Folder,snippets,Open Folder
2025-01-28 2:16:23,ğŸ“ Folder,snippets,Open Folder
2025-01-01 17:37:02,ğŸ“ Folder,snippets,Open Folder
2024-09-30 18:51:58,ğŸ“ Folder,snippets,Open Folder
2025-02-20 21:34:07,ğŸ“ Folder,snippets,Open Folder
2024-10-16 14:48:08,ğŸ“ Folder,snippets,Open Folder
2024-09-25 13:13:41,ğŸ“ Folder,snippets,Open Folder
2024-11-06 14:57:50,ğŸ“ Folder,snippets,Open Folder
2024-10-03 19:07:47,ğŸ“ Folder,snippets,Open Folder
2024-11-04 21:35:36,ğŸ“ Folder,snippets,Open Folder
2025-02-05 23:47:04,ğŸ“ Folder,snippets,Open Folder
2025-02-13 21:30:15,ğŸ“ Folder,snippets,Open Folder
2025-01-22 18:17:54,ğŸ“ Folder,snippets,Open Folder
2025-01-28 19:15:05,ğŸ“ Folder,snippets,Open Folder
2025-01-22 18:59:48,ğŸ“ Folder,snippets,Open Folder
2025-01-27 0:59:45,ğŸ“ Folder,snippets,Open Folder
2025-01-05 22:23:51,ğŸ“ Folder,snippets,Open Folder
2025-02-18 15:59:24,ğŸ“ Folder,snippets,Open Folder
2024-11-21 17:38:41,ğŸ“ Folder,snippets,Open Folder
2024-11-15 16:01:02,ğŸ“ Folder,snippets,Open Folder
2025-01-03 22:23:28,ğŸ“ Folder,snippets,Open Folder
2024-12-12 3:05:48,ğŸ“ Folder,snippets,Open Folder
2024-11-21 23:14:15,ğŸ“ Folder,snippets,Open Folder
2025-01-25 5:37:25,ğŸ“ Folder,snippets,Open Folder
2025-01-01 7:21:19,ğŸ“ Folder,snippets,Open Folder
2025-02-21 3:06:42,ğŸ“ Folder,snippets,Open Folder
2025-02-07 19:55:51,ğŸ“ Folder,snippets,Open Folder
2024-10-07 20:21:14,ğŸ“ Folder,snippets,Open Folder
2025-01-05 18:47:42,ğŸ“ Folder,snippets,Open Folder
2025-01-03 19:27:44,ğŸ“ Folder,snippets,Open Folder
2025-01-03 2:30:39,ğŸ“ Folder,snippets,Open Folder
2025-01-17 17:13:03,ğŸ“ Folder,snippets,Open Folder
2024-11-26 1:42:42,ğŸ“ Folder,snippets,Open Folder
2025-01-18 2:47:34,ğŸ“ Folder,snippets,Open Folder
2024-11-19 20:34:15,ğŸ“ Folder,snippets,Open Folder
2024-12-09 15:49:54,ğŸ“ Folder,snippets,Open Folder
2025-01-06 16:20:23,ğŸ“ Folder,snippets,Open Folder
2024-12-13 20:03:11,ğŸ“ Folder,snippets,Open Folder
2025-01-21 21:48:42,ğŸ“ Folder,snippets,Open Folder
2025-02-18 0:26:42,ğŸ“ Folder,snippets,Open Folder
2024-12-04 20:32:27,ğŸ“ Folder,snippets,Open Folder
2024-09-27 22:59:15,ğŸ“ Folder,snippets,Open Folder
2024-11-14 17:02:39,ğŸ“ Folder,snippets,Open Folder
2025-01-27 18:42:10,ğŸ“ Folder,snippets,Open Folder
2024-10-14 14:48:05,ğŸ“ Folder,snippets,Open Folder
2025-02-21 2:26:02,ğŸ“ Folder,snippets,Open Folder
2024-09-25 12:52:36,ğŸ“ Folder,snippets,Open Folder
2025-01-21 0:12:43,ğŸ“ Folder,snippets,Open Folder
2024-09-30 20:54:27,ğŸ“ Folder,snippets,Open Folder
2024-12-03 0:24:14,ğŸ“ Folder,snippets,Open Folder
2024-11-13 16:30:20,ğŸ“ Folder,snippets,Open Folder
2025-01-14 20:52:45,ğŸ“ Folder,snippets,Open Folder
2025-01-06 19:47:54,ğŸ“ Folder,snippets,Open Folder
2025-01-07 17:12:43,ğŸ“ Folder,snippets,Open Folder
2024-12-08 22:01:13,ğŸ“ Folder,snippets,Open Folder
2024-12-31 19:38:57,ğŸ“ Folder,snippets,Open Folder
2024-11-20 23:31:15,ğŸ“ Folder,snippets,Open Folder
2025-01-29 21:10:42,ğŸ“ Folder,snippets,Open Folder
2025-01-23 16:05:53,ğŸ“ Folder,snippets,Open Folder
2024-12-09 21:37:20,ğŸ“ Folder,snippets,Open Folder
2024-12-31 15:10:28,ğŸ“ Folder,snippets,Open Folder
2025-02-20 18:37:18,ğŸ“ Folder,snippets,Open Folder
2025-01-05 22:47:05,ğŸ“ Folder,snippets,Open Folder
2024-11-07 1:41:59,ğŸ“ Folder,snippets,Open Folder
2024-09-24 15:03:47,ğŸ“ Folder,snippets,Open Folder
2025-02-17 21:41:05,ğŸ“ Folder,snippets,Open Folder
2025-01-29 17:00:15,ğŸ“ Folder,snippets,Open Folder
2024-12-02 23:17:26,ğŸ“ Folder,snippets,Open Folder
2025-02-13 16:38:52,ğŸ“ Folder,snippets,Open Folder
2024-12-09 21:00:36,ğŸ“ Folder,snippets,Open Folder
2025-01-13 20:03:04,ğŸ“ Folder,snippets,Open Folder
2024-12-18 8:07:01,ğŸ“ Folder,snippets,Open Folder
2024-12-17 21:28:53,ğŸ“ Folder,snippets,Open Folder
2025-01-01 23:19:13,ğŸ“ Folder,snippets,Open Folder
2024-11-19 19:09:10,ğŸ“ Folder,snippets,Open Folder
2024-10-14 18:53:52,ğŸ“ Folder,snippets,Open Folder
2024-11-04 22:05:48,ğŸ“ Folder,snippets,Open Folder
2025-02-08 3:11:07,ğŸ“ Folder,snippets,Open Folder
2024-11-12 22:55:49,ğŸ“ Folder,snippets,Open Folder
2024-10-10 19:29:17,ğŸ“ Folder,snippets,Open Folder
2024-12-02 17:18:00,ğŸ“ Folder,snippets,Open Folder
2025-02-19 19:39:35,ğŸ“ Folder,snippets,Open Folder
2025-01-27 23:44:01,ğŸ“ Folder,snippets,Open Folder
2025-01-05 19:14:23,ğŸ“ Folder,snippets,Open Folder
2024-12-31 23:30:41,ğŸ“ Folder,snippets,Open Folder
2024-12-11 21:08:49,ğŸ“ Folder,snippets,Open Folder
2025-01-28 2:18:31,ğŸ“ Folder,snippets,Open Folder
2024-12-30 15:20:16,ğŸ“ Folder,snippets,Open Folder
2024-10-05 2:22:09,ğŸ“ Folder,snippets,Open Folder
2025-02-12 23:50:23,ğŸ“ Folder,snippets,Open Folder
2024-11-26 17:01:35,ğŸ“ Folder,snippets,Open Folder
2024-11-10 3:39:09,ğŸ“ Folder,snippets,Open Folder
2024-09-23 15:55:20,ğŸ“ Folder,snippets,Open Folder
2025-02-07 22:51:33,ğŸ“ Folder,snippets,Open Folder
2024-11-14 23:54:47,ğŸ“ Folder,snippets,Open Folder
2025-02-20 22:38:26,ğŸ“ Folder,snippets,Open Folder
2025-01-22 18:16:31,ğŸ“ Folder,snippets,Open Folder
2025-01-07 19:31:29,ğŸ“ Folder,snippets,Open Folder
2024-11-21 15:58:48,ğŸ“ Folder,snippets,Open Folder
2024-10-14 20:40:34,ğŸ“ Folder,snippets,Open Folder
2024-11-10 4:06:38,ğŸ“ Folder,snippets,Open Folder
2024-11-22 0:38:38,ğŸ“ Folder,snippets,Open Folder
2025-01-01 6:30:34,ğŸ“ Folder,snippets,Open Folder
2025-01-03 20:16:29,ğŸ“ Folder,snippets,Open Folder
2024-12-16 20:54:17,ğŸ“ Folder,snippets,Open Folder
2024-10-10 18:37:43,ğŸ“ Folder,snippets,Open Folder
2024-11-04 18:22:44,ğŸ“ Folder,snippets,Open Folder
2024-11-07 21:57:22,ğŸ“ Folder,snippets,Open Folder
2025-01-28 23:41:28,ğŸ“ Folder,snippets,Open Folder
2024-10-02 21:50:16,ğŸ“ Folder,snippets,Open Folder
2024-12-18 20:37:21,ğŸ“ Folder,snippets,Open Folder
2024-11-18 21:21:30,ğŸ“ Folder,snippets,Open Folder
2025-01-14 18:24:23,ğŸ“ Folder,snippets,Open Folder
2025-02-07 22:46:48,ğŸ“ Folder,snippets,Open Folder
2025-02-11 14:36:29,ğŸ“ Folder,snippets,Open Folder
2025-02-02 21:18:33,ğŸ“ Folder,snippets,Open Folder
2025-01-05 19:10:14,ğŸ“ Folder,snippets,Open Folder
2025-01-27 16:55:42,ğŸ“ Folder,snippets,Open Folder
2025-02-12 15:29:24,ğŸ“ Folder,snippets,Open Folder
2025-02-21 3:08:57,ğŸ“ Folder,snippets,Open Folder
2025-02-06 22:30:03,ğŸ“ Folder,snippets,Open Folder
2025-02-04 20:02:11,ğŸ“ Folder,snippets,Open Folder
2025-01-28 21:37:07,ğŸ“ Folder,snippets,Open Folder
2024-11-04 23:33:27,ğŸ“ Folder,snippets,Open Folder
2024-12-11 21:10:11,ğŸ“ Folder,snippets,Open Folder
2025-01-05 0:27:51,ğŸ“ Folder,snippets,Open Folder
2025-01-15 0:53:45,ğŸ“ Folder,snippets,Open Folder
2024-11-21 17:53:07,ğŸ“ Folder,snippets,Open Folder
2025-02-03 21:23:17,ğŸ“ Folder,snippets,Open Folder
2024-12-30 14:43:22,ğŸ“ Folder,snippets,Open Folder
2025-01-30 0:27:59,ğŸ“ Folder,snippets,Open Folder
2025-01-21 19:01:30,ğŸ“ Folder,snippets,Open Folder
2024-12-31 22:15:09,ğŸ“ Folder,snippets,Open Folder
2025-01-23 20:29:06,ğŸ“ Folder,snippets,Open Folder
2024-09-26 18:51:57,ğŸ“ Folder,snippets,Open Folder
2025-02-18 15:26:06,ğŸ“ Folder,snippets,Open Folder
2024-11-13 2:02:04,ğŸ“ Folder,snippets,Open Folder
2024-10-11 20:20:48,ğŸ“ Folder,snippets,Open Folder
2024-12-27 16:59:54,ğŸ“ Folder,snippets,Open Folder
2025-01-01 4:42:47,ğŸ“ Folder,snippets,Open Folder
2024-10-02 15:02:02,ğŸ“ Folder,snippets,Open Folder
2024-12-09 15:24:51,ğŸ“ Folder,snippets,Open Folder
2024-12-31 19:49:51,ğŸ“ Folder,snippets,Open Folder
2024-12-31 19:45:01,ğŸ“ Folder,snippets,Open Folder
2024-09-30 20:09:12,ğŸ“ Folder,snippets,Open Folder
2024-11-06 21:15:05,ğŸ“ Folder,snippets,Open Folder
2025-02-14 18:07:29,ğŸ“ Folder,snippets,Open Folder
2024-10-03 1:24:27,ğŸ“ Folder,snippets,Open Folder
2025-02-13 23:57:58,ğŸ“ Folder,snippets,Open Folder
2024-12-27 17:25:17,ğŸ“ Folder,snippets,Open Folder
2025-01-13 20:51:41,ğŸ“ Folder,snippets,Open Folder
2025-01-29 17:38:18,ğŸ“ Folder,snippets,Open Folder
2024-12-16 20:47:08,ğŸ“ Folder,snippets,Open Folder
2024-10-03 13:24:48,ğŸ“ Folder,snippets,Open Folder
2024-12-24 2:18:30,ğŸ“ Folder,snippets,Open Folder
2024-11-13 19:36:02,ğŸ“ Folder,snippets,Open Folder
2025-01-01 20:38:30,ğŸ“ Folder,snippets,Open Folder
2025-02-08 22:12:35,ğŸ“ Folder,snippets,Open Folder
2025-02-07 21:43:07,ğŸ“ Folder,snippets,Open Folder
2024-11-10 4:11:28,ğŸ“ Folder,snippets,Open Folder
2025-01-22 16:40:55,ğŸ“ Folder,snippets,Open Folder
2025-01-17 22:22:41,ğŸ“ Folder,snippets,Open Folder
2024-10-03 20:56:25,ğŸ“ Folder,snippets,Open Folder
2024-12-19 16:20:32,ğŸ“ Folder,snippets,Open Folder
2024-11-06 21:43:15,ğŸ“ Folder,snippets,Open Folder
2024-09-30 17:33:11,ğŸ“ Folder,snippets,Open Folder
2024-12-17 1:53:15,ğŸ“ Folder,snippets,Open Folder
2025-01-03 1:12:02,ğŸ“ Folder,snippets,Open Folder
2024-11-08 14:39:00,ğŸ“ Folder,snippets,Open Folder
2024-12-13 22:51:01,ğŸ“ Folder,snippets,Open Folder
2025-01-07 20:51:19,ğŸ“ Folder,snippets,Open Folder
2024-11-13 23:21:30,ğŸ“ Folder,snippets,Open Folder
2024-09-25 0:04:14,ğŸ“ Folder,snippets,Open Folder
2024-11-14 22:24:31,ğŸ“ Folder,snippets,Open Folder
2025-01-28 19:20:33,ğŸ“ Folder,snippets,Open Folder
2025-02-08 21:45:38,ğŸ“ Folder,snippets,Open Folder
2025-01-05 1:02:10,ğŸ“ Folder,snippets,Open Folder
2024-11-05 16:44:19,ğŸ“ Folder,snippets,Open Folder
2025-01-01 18:20:11,ğŸ“ Folder,snippets,Open Folder
2025-02-21 2:06:32,ğŸ“ Folder,snippets,Open Folder
2025-02-11 16:31:00,ğŸ“ Folder,snippets,Open Folder
2024-10-02 18:34:18,ğŸ“ Folder,snippets,Open Folder
2025-01-28 2:00:58,ğŸ“ Folder,snippets,Open Folder
2025-01-02 22:35:53,ğŸ“ Folder,snippets,Open Folder
2025-02-05 19:56:17,ğŸ“ Folder,snippets,Open Folder
2025-01-15 19:43:11,ğŸ“ Folder,snippets,Open Folder
2024-12-17 22:19:15,ğŸ“ Folder,snippets,Open Folder
2024-11-25 16:35:46,ğŸ“ Folder,snippets,Open Folder
2025-02-23 22:02:52,ğŸ“ Folder,snippets,Open Folder
2024-12-30 15:37:08,ğŸ“ Folder,snippets,Open Folder
2025-01-27 17:09:38,ğŸ“ Folder,snippets,Open Folder
2025-02-07 23:01:21,ğŸ“ Folder,snippets,Open Folder
2025-01-23 20:09:53,ğŸ“ Folder,snippets,Open Folder
2024-09-30 13:12:26,ğŸ“ Folder,snippets,Open Folder
2024-11-14 18:08:45,ğŸ“ Folder,snippets,Open Folder
2025-01-23 23:34:18,ğŸ“ Folder,snippets,Open Folder
2024-11-20 16:37:41,ğŸ“ Folder,snippets,Open Folder
2024-10-01 17:17:52,ğŸ“ Folder,snippets,Open Folder
2024-12-09 21:51:53,ğŸ“ Folder,snippets,Open Folder
2025-01-12 19:54:13,ğŸ“ Folder,snippets,Open Folder
2024-10-03 22:04:57,ğŸ“ Folder,snippets,Open Folder
2024-12-18 14:46:47,ğŸ“ Folder,snippets,Open Folder
2025-01-25 21:23:46,ğŸ“ Folder,snippets,Open Folder
2024-11-24 19:52:36,ğŸ“ Folder,snippets,Open Folder
2024-12-31 23:18:18,ğŸ“ Folder,snippets,Open Folder
2024-11-22 16:22:43,ğŸ“ Folder,snippets,Open Folder
2025-02-13 3:23:34,ğŸ“ Folder,snippets,Open Folder
2025-01-29 17:41:12,ğŸ“ Folder,snippets,Open Folder
2024-12-08 22:43:33,ğŸ“ Folder,snippets,Open Folder
2025-01-17 17:04:14,ğŸ“ Folder,snippets,Open Folder
2024-10-10 21:50:55,ğŸ“ Folder,snippets,Open Folder
2025-01-20 0:54:53,ğŸ“ Folder,snippets,Open Folder
2025-01-01 5:48:41,ğŸ“ Folder,snippets,Open Folder
2025-02-10 2:34:59,ğŸ“ Folder,snippets,Open Folder
2025-01-01 16:46:11,ğŸ“ Folder,snippets,Open Folder
2024-10-07 21:20:37,ğŸ“ Folder,snippets,Open Folder
2024-12-17 19:17:52,ğŸ“ Folder,snippets,Open Folder
2025-01-21 4:07:11,ğŸ“ Folder,snippets,Open Folder
2024-10-08 18:46:06,ğŸ“ Folder,snippets,Open Folder
2024-10-03 12:09:05,ğŸ“ Folder,snippets,Open Folder
2024-11-22 22:47:23,ğŸ“ Folder,snippets,Open Folder
2024-09-25 12:28:46,ğŸ“ Folder,snippets,Open Folder
2025-01-18 2:50:40,ğŸ“ Folder,snippets,Open Folder
2024-10-14 23:45:16,ğŸ“ Folder,snippets,Open Folder
2024-12-13 19:44:36,ğŸ“ Folder,snippets,Open Folder
2025-01-22 21:27:53,ğŸ“ Folder,snippets,Open Folder
2025-02-08 23:56:17,ğŸ“ Folder,snippets,Open Folder
2024-09-23 19:59:35,ğŸ“ Folder,snippets,Open Folder
2025-02-19 2:15:01,ğŸ“ Folder,snippets,Open Folder
2024-12-19 16:28:00,ğŸ“ Folder,snippets,Open Folder
2025-02-04 19:52:43,ğŸ“ Folder,snippets,Open Folder
2024-10-16 20:28:04,ğŸ“ Folder,snippets,Open Folder
2024-11-22 18:29:40,ğŸ“ Folder,snippets,Open Folder
2024-12-17 2:49:47,ğŸ“ Folder,snippets,Open Folder
2025-01-01 0:43:48,ğŸ“ Folder,snippets,Open Folder
2024-11-14 14:28:39,ğŸ“ Folder,snippets,Open Folder
2025-02-20 21:16:18,ğŸ“ Folder,snippets,Open Folder
2025-02-20 19:11:14,ğŸ“ Folder,snippets,Open Folder
2024-10-06 15:17:13,ğŸ“ Folder,snippets,Open Folder
2025-01-27 19:26:57,ğŸ“ Folder,snippets,Open Folder
2024-11-08 15:20:11,ğŸ“ Folder,snippets,Open Folder
2025-01-22 17:20:47,ğŸ“ Folder,snippets,Open Folder
2025-01-03 2:34:01,ğŸ“ Folder,snippets,Open Folder
2024-11-04 19:59:16,ğŸ“ Folder,snippets,Open Folder
2024-11-10 6:22:31,ğŸ“ Folder,snippets,Open Folder
2025-02-03 19:59:42,ğŸ“ Folder,snippets,Open Folder
2025-01-23 19:55:33,ğŸ“ Folder,snippets,Open Folder
2025-01-07 0:16:01,ğŸ“ Folder,snippets,Open Folder
2024-10-10 20:59:26,ğŸ“ Folder,snippets,Open Folder
2025-02-12 13:56:08,ğŸ“ Folder,snippets,Open Folder
2024-10-09 13:30:40,ğŸ“ Folder,snippets,Open Folder
2025-01-29 22:48:06,ğŸ“ Folder,snippets,Open Folder
2025-02-13 1:59:10,ğŸ“ Folder,snippets,Open Folder
2024-11-07 17:57:27,ğŸ“ Folder,snippets,Open Folder
2025-01-15 23:16:02,ğŸ“ Folder,snippets,Open Folder
2025-01-03 20:25:07,ğŸ“ Folder,snippets,Open Folder
2025-02-21 2:09:19,ğŸ“ Folder,snippets,Open Folder
2025-02-11 1:06:01,ğŸ“ Folder,snippets,Open Folder
2024-10-06 14:44:44,ğŸ“ Folder,snippets,Open Folder
2025-02-23 21:18:31,ğŸ“ Folder,snippets,Open Folder
2024-10-09 14:34:39,ğŸ“ Folder,snippets,Open Folder
2025-01-06 14:28:17,ğŸ“ Folder,snippets,Open Folder
2024-11-15 2:35:30,ğŸ“ Folder,snippets,Open Folder
2025-01-31 17:07:15,ğŸ“ Folder,snippets,Open Folder
2025-02-07 20:14:32,ğŸ“ Folder,snippets,Open Folder
2025-01-18 19:12:35,ğŸ“ Folder,snippets,Open Folder
2025-01-30 15:45:02,ğŸ“ Folder,snippets,Open Folder
2025-01-15 0:31:53,ğŸ“ Folder,snippets,Open Folder
2024-12-16 15:33:10,ğŸ“ Folder,snippets,Open Folder
2024-09-27 23:25:57,ğŸ“ Folder,snippets,Open Folder
2024-12-12 3:03:04,ğŸ“ Folder,snippets,Open Folder
2024-12-31 22:31:08,ğŸ“ Folder,snippets,Open Folder
2025-01-03 22:36:17,ğŸ“ Folder,snippets,Open Folder
2024-11-05 21:24:06,ğŸ“ Folder,snippets,Open Folder
2025-01-03 19:14:52,ğŸ“ Folder,snippets,Open Folder
2025-01-21 3:34:25,ğŸ“ Folder,snippets,Open Folder
2024-09-24 0:24:14,ğŸ“ Folder,snippets,Open Folder
2025-02-18 21:02:56,ğŸ“ Folder,snippets,Open Folder
2025-01-07 17:54:01,ğŸ“ Folder,snippets,Open Folder
2025-02-15 0:39:20,ğŸ“ Folder,snippets,Open Folder
2024-11-01 14:34:54,ğŸ“ Folder,snippets,Open Folder
2024-12-27 17:19:13,ğŸ“ Folder,snippets,Open Folder
2025-01-25 21:07:47,ğŸ“ Folder,snippets,Open Folder
2024-12-31 23:24:12,ğŸ“ Folder,snippets,Open Folder
2025-01-03 22:19:35,ğŸ“ Folder,snippets,Open Folder
2025-01-20 2:25:06,ğŸ“ Folder,snippets,Open Folder
2025-02-09 6:02:51,ğŸ“ Folder,snippets,Open Folder
2024-10-08 18:20:17,ğŸ“ Folder,snippets,Open Folder
2024-10-02 13:27:34,ğŸ“ Folder,snippets,Open Folder
2024-11-27 8:24:35,ğŸ“ Folder,snippets,Open Folder
2024-09-26 19:47:07,ğŸ“ Folder,snippets,Open Folder
2025-01-27 19:32:02,ğŸ“ Folder,snippets,Open Folder
2024-12-23 19:03:07,ğŸ“ Folder,snippets,Open Folder
2024-10-10 20:38:27,ğŸ“ Folder,snippets,Open Folder
2025-02-09 0:59:17,ğŸ“ Folder,snippets,Open Folder
2024-10-08 15:31:48,ğŸ“ Folder,snippets,Open Folder
2024-11-20 15:48:14,ğŸ“ Folder,snippets,Open Folder
2025-01-21 1:28:45,ğŸ“ Folder,snippets,Open Folder
2024-11-17 23:37:06,ğŸ“ Folder,snippets,Open Folder
2025-02-06 23:31:44,ğŸ“ Folder,snippets,Open Folder
2025-02-23 22:29:23,ğŸ“ Folder,snippets,Open Folder
2024-12-31 18:40:22,ğŸ“ Folder,snippets,Open Folder
2024-12-13 22:00:54,ğŸ“ Folder,snippets,Open Folder
2025-01-01 7:25:10,ğŸ“ Folder,snippets,Open Folder
2025-01-26 23:40:01,ğŸ“ Folder,snippets,Open Folder
2025-02-11 1:05:10,ğŸ“ Folder,snippets,Open Folder
2024-12-19 19:26:16,ğŸ“ Folder,snippets,Open Folder
2024-10-11 15:50:58,ğŸ“ Folder,snippets,Open Folder
2024-09-30 17:23:21,ğŸ“ Folder,snippets,Open Folder
2024-12-23 20:54:44,ğŸ“ Folder,snippets,Open Folder
2024-10-02 22:00:32,ğŸ“ Folder,snippets,Open Folder
2025-02-21 3:24:53,ğŸ“ Folder,snippets,Open Folder
2024-09-24 14:35:29,ğŸ“ Folder,snippets,Open Folder
2024-10-09 17:12:50,ğŸ“ Folder,snippets,Open Folder
2024-11-18 19:06:57,ğŸ“ Folder,snippets,Open Folder
2024-11-05 17:23:23,ğŸ“ Folder,snippets,Open Folder
2024-11-22 0:10:33,ğŸ“ Folder,snippets,Open Folder
2024-12-31 23:28:45,ğŸ“ Folder,snippets,Open Folder
2025-02-10 0:42:23,ğŸ“ Folder,snippets,Open Folder
2025-01-13 2:48:28,ğŸ“ Folder,snippets,Open Folder
2024-11-06 21:50:02,ğŸ“ Folder,snippets,Open Folder
2025-02-21 16:52:55,ğŸ“ Folder,snippets,Open Folder
2024-10-04 16:03:34,ğŸ“ Folder,snippets,Open Folder
2025-01-01 3:20:42,ğŸ“ Folder,snippets,Open Folder
2024-11-21 23:19:10,ğŸ“ Folder,snippets,Open Folder
2024-09-25 14:02:36,ğŸ“ Folder,snippets,Open Folder
2024-11-13 2:35:47,ğŸ“ Folder,snippets,Open Folder
2024-11-12 22:14:46,ğŸ“ Folder,snippets,Open Folder
2024-09-24 14:40:11,ğŸ“ Folder,snippets,Open Folder
2024-09-30 18:11:35,ğŸ“ Folder,snippets,Open Folder
2025-02-13 18:18:44,ğŸ“ Folder,snippets,Open Folder
2024-11-15 16:27:48,ğŸ“ Folder,snippets,Open Folder
2024-11-13 23:15:31,ğŸ“ Folder,snippets,Open Folder
2025-02-11 0:00:04,ğŸ“ Folder,snippets,Open Folder
2024-11-14 13:38:46,ğŸ“ Folder,snippets,Open Folder
2025-01-28 1:53:55,ğŸ“ Folder,snippets,Open Folder
2025-01-19 19:35:24,ğŸ“ Folder,snippets,Open Folder
2025-02-21 1:30:07,ğŸ“ Folder,snippets,Open Folder
2024-10-16 20:17:19,ğŸ“ Folder,snippets,Open Folder
2024-10-10 13:10:59,ğŸ“ Folder,snippets,Open Folder
2025-02-13 19:22:43,ğŸ“ Folder,snippets,Open Folder
2025-01-09 19:45:00,ğŸ“ Folder,snippets,Open Folder
2025-02-10 23:07:09,ğŸ“ Folder,snippets,Open Folder
2024-10-14 17:59:17,ğŸ“ Folder,snippets,Open Folder
2025-01-14 17:57:54,ğŸ“ Folder,snippets,Open Folder
2024-12-11 19:38:01,ğŸ“ Folder,snippets,Open Folder
2024-10-14 20:35:04,ğŸ“ Folder,snippets,Open Folder
2024-12-09 15:00:32,ğŸ“ Folder,snippets,Open Folder
2025-02-01 20:14:16,ğŸ“ Folder,snippets,Open Folder
2024-11-22 22:48:52,ğŸ“ Folder,snippets,Open Folder
2024-10-14 14:11:37,ğŸ“ Folder,snippets,Open Folder
2025-02-13 0:40:31,ğŸ“ Folder,snippets,Open Folder
2025-01-06 22:10:21,ğŸ“ Folder,snippets,Open Folder
2025-01-20 21:29:27,ğŸ“ Folder,snippets,Open Folder
2025-01-13 1:30:00,ğŸ“ Folder,snippets,Open Folder
2025-01-28 20:36:14,ğŸ“ Folder,snippets,Open Folder
2025-01-05 0:33:51,ğŸ“ Folder,snippets,Open Folder
2024-11-06 13:59:57,ğŸ“ Folder,snippets,Open Folder
2024-10-10 19:02:50,ğŸ“ Folder,snippets,Open Folder
2024-11-23 18:48:12,ğŸ“ Folder,snippets,Open Folder
2024-11-10 4:25:27,ğŸ“ Folder,snippets,Open Folder
2025-01-14 17:39:13,ğŸ“ Folder,snippets,Open Folder
2025-01-21 21:25:48,ğŸ“ Folder,snippets,Open Folder
2025-02-21 2:29:27,ğŸ“ Folder,snippets,Open Folder
2025-01-17 22:58:52,ğŸ“ Folder,snippets,Open Folder
2024-11-14 17:39:24,ğŸ“ Folder,snippets,Open Folder
2025-01-16 18:22:36,ğŸ“ Folder,snippets,Open Folder
2024-12-09 18:05:09,ğŸ“ Folder,snippets,Open Folder
2025-02-08 18:31:39,ğŸ“ Folder,snippets,Open Folder
2025-02-21 2:21:47,ğŸ“ Folder,snippets,Open Folder
2024-11-06 18:18:09,ğŸ“ Folder,snippets,Open Folder
2025-01-28 0:33:24,ğŸ“ Folder,snippets,Open Folder
2024-11-13 1:52:18,ğŸ“ Folder,snippets,Open Folder
2025-01-02 16:06:25,ğŸ“ Folder,snippets,Open Folder
2024-12-12 2:48:02,ğŸ“ Folder,snippets,Open Folder
2024-09-24 17:17:24,ğŸ“ Folder,snippets,Open Folder
2024-10-10 16:37:31,ğŸ“ Folder,snippets,Open Folder
2025-01-25 22:06:09,ğŸ“ Folder,snippets,Open Folder
2024-10-04 13:45:00,ğŸ“ Folder,snippets,Open Folder
2024-11-10 3:12:47,ğŸ“ Folder,snippets,Open Folder
2025-01-17 15:38:27,ğŸ“ Folder,snippets,Open Folder
2025-02-13 18:28:42,ğŸ“ Folder,snippets,Open Folder
2024-09-26 22:56:39,ğŸ“ Folder,snippets,Open Folder
2024-11-17 23:28:47,ğŸ“ Folder,snippets,Open Folder
2025-01-23 23:52:08,ğŸ“ Folder,snippets,Open Folder
2024-12-30 15:27:54,ğŸ“ Folder,snippets,Open Folder
2025-02-10 3:15:42,ğŸ“ Folder,snippets,Open Folder
2025-02-10 19:24:03,ğŸ“ Folder,snippets,Open Folder
2024-10-10 1:41:07,ğŸ“ Folder,snippets,Open Folder
2025-01-27 19:06:58,ğŸ“ Folder,snippets,Open Folder
2024-12-18 8:10:17,ğŸ“ Folder,snippets,Open Folder
2024-12-31 22:21:37,ğŸ“ Folder,snippets,Open Folder
2024-09-26 16:49:42,ğŸ“ Folder,snippets,Open Folder
2024-11-14 17:12:36,ğŸ“ Folder,snippets,Open Folder
2025-01-01 22:42:49,ğŸ“ Folder,snippets,Open Folder
2025-02-17 17:55:01,ğŸ“ Folder,snippets,Open Folder
2025-01-06 19:29:48,ğŸ“ Folder,snippets,Open Folder
2024-12-04 7:10:40,ğŸ“ Folder,snippets,Open Folder
2025-01-06 14:20:23,ğŸ“ Folder,snippets,Open Folder
2025-01-20 0:50:53,ğŸ“ Folder,snippets,Open Folder
2025-02-14 21:57:44,ğŸ“ Folder,snippets,Open Folder
2024-12-30 22:11:07,ğŸ“ Folder,snippets,Open Folder
2025-02-23 23:04:05,ğŸ“ Folder,snippets,Open Folder
2025-01-03 22:02:43,ğŸ“ Folder,snippets,Open Folder
2025-02-12 14:04:35,ğŸ“ Folder,snippets,Open Folder
2024-12-12 2:39:50,ğŸ“ Folder,snippets,Open Folder
2024-11-05 22:39:42,ğŸ“ Folder,snippets,Open Folder
2024-10-05 2:19:09,ğŸ“ Folder,snippets,Open Folder
2025-02-20 21:11:46,ğŸ“ Folder,snippets,Open Folder
2025-01-01 17:50:12,ğŸ“ Folder,snippets,Open Folder
2025-01-28 23:18:22,ğŸ“ Folder,snippets,Open Folder
2025-01-30 22:12:32,ğŸ“ Folder,snippets,Open Folder
2025-01-07 17:26:02,ğŸ“ Folder,snippets,Open Folder
2024-09-23 17:13:48,ğŸ“ Folder,snippets,Open Folder
2024-09-30 22:40:43,ğŸ“ Folder,snippets,Open Folder
2024-10-07 21:17:02,ğŸ“ Folder,snippets,Open Folder
2025-01-22 17:38:27,ğŸ“ Folder,snippets,Open Folder
2025-02-07 18:33:13,ğŸ“ Folder,snippets,Open Folder
2024-10-08 18:07:24,ğŸ“ Folder,snippets,Open Folder
2024-11-06 14:17:11,ğŸ“ Folder,snippets,Open Folder
2024-10-08 18:42:40,ğŸ“ Folder,snippets,Open Folder
2025-01-17 18:05:51,ğŸ“ Folder,snippets,Open Folder
2025-01-21 3:37:45,ğŸ“ Folder,snippets,Open Folder
2025-01-16 15:23:11,ğŸ“ Folder,snippets,Open Folder
2024-10-04 2:01:02,ğŸ“ Folder,snippets,Open Folder
2024-11-15 3:34:09,ğŸ“ Folder,snippets,Open Folder
2025-01-22 22:11:16,ğŸ“ Folder,snippets,Open Folder
2025-02-13 18:08:04,ğŸ“ Folder,snippets,Open Folder
2025-02-07 21:40:04,ğŸ“ Folder,snippets,Open Folder
2025-02-03 22:22:27,ğŸ“ Folder,snippets,Open Folder
2025-02-06 18:45:58,ğŸ“ Folder,snippets,Open Folder
2024-11-01 16:07:58,ğŸ“ Folder,snippets,Open Folder
2025-01-28 19:24:18,ğŸ“ Folder,snippets,Open Folder
2025-01-01 23:15:33,ğŸ“ Folder,snippets,Open Folder
2024-11-19 22:28:34,ğŸ“ Folder,snippets,Open Folder
2025-01-13 15:48:41,ğŸ“ Folder,snippets,Open Folder
2024-10-01 17:23:40,ğŸ“ Folder,snippets,Open Folder
2024-09-29 15:59:01,ğŸ“ Folder,snippets,Open Folder
2025-01-22 21:17:15,ğŸ“ Folder,snippets,Open Folder
2024-11-18 18:41:23,ğŸ“ Folder,snippets,Open Folder
2025-02-13 0:48:45,ğŸ“ Folder,snippets,Open Folder
2025-02-07 20:34:18,ğŸ“ Folder,snippets,Open Folder
2024-12-17 3:05:42,ğŸ“ Folder,snippets,Open Folder
2025-01-01 7:15:58,ğŸ“ Folder,snippets,Open Folder
2024-09-24 18:40:46,ğŸ“ Folder,snippets,Open Folder
2024-11-14 20:14:48,ğŸ“ Folder,snippets,Open Folder
2024-10-07 21:08:21,ğŸ“ Folder,snippets,Open Folder
2025-02-13 1:33:29,ğŸ“ Folder,snippets,Open Folder
2025-01-28 18:40:50,ğŸ“ Folder,snippets,Open Folder
2024-12-12 2:50:22,ğŸ“ Folder,snippets,Open Folder
2025-01-18 18:59:27,ğŸ“ Folder,snippets,Open Folder
2025-01-14 18:00:00,ğŸ“ Folder,snippets,Open Folder
2024-11-15 5:21:54,ğŸ“ Folder,snippets,Open Folder
2025-01-03 20:09:45,ğŸ“ Folder,snippets,Open Folder
2024-11-10 4:19:54,ğŸ“ Folder,snippets,Open Folder
2024-10-03 0:32:37,ğŸ“ Folder,snippets,Open Folder
2024-11-14 19:53:58,ğŸ“ Folder,snippets,Open Folder
2025-02-13 0:31:46,ğŸ“ Folder,snippets,Open Folder
2025-02-01 22:18:00,ğŸ“ Folder,snippets,Open Folder
2024-11-19 19:57:19,ğŸ“ Folder,snippets,Open Folder
2024-11-19 16:20:34,ğŸ“ Folder,snippets,Open Folder
2025-02-19 16:08:13,ğŸ“ Folder,snippets,Open Folder
2025-02-10 19:45:20,ğŸ“ Folder,snippets,Open Folder
2025-01-22 21:08:36,ğŸ“ Folder,snippets,Open Folder
2025-01-01 15:40:31,ğŸ“ Folder,snippets,Open Folder
2025-02-19 19:25:46,ğŸ“ Folder,snippets,Open Folder
2025-01-06 16:34:37,ğŸ“ Folder,snippets,Open Folder
2025-02-10 15:49:33,ğŸ“ Folder,snippets,Open Folder
2025-02-07 22:45:16,ğŸ“ Folder,snippets,Open Folder
2024-11-06 16:10:53,ğŸ“ Folder,snippets,Open Folder
2024-12-08 21:52:50,ğŸ“ Folder,snippets,Open Folder
2025-01-15 22:03:51,ğŸ“ Folder,snippets,Open Folder
2025-01-28 21:03:46,ğŸ“ Folder,snippets,Open Folder
2025-02-06 2:01:44,ğŸ“ Folder,snippets,Open Folder
2024-11-22 0:37:09,ğŸ“ Folder,snippets,Open Folder
2025-02-23 2:38:08,ğŸ“ Folder,snippets,Open Folder
2025-01-07 18:37:37,ğŸ“ Folder,snippets,Open Folder
2025-02-21 20:46:10,ğŸ“ Folder,snippets,Open Folder
2025-02-21 2:54:31,ğŸ“ Folder,snippets,Open Folder
2024-12-03 19:27:21,ğŸ“ Folder,snippets,Open Folder
2025-01-01 20:24:26,ğŸ“ Folder,snippets,Open Folder
2024-10-03 22:00:44,ğŸ“ Folder,snippets,Open Folder
2024-09-23 18:43:16,ğŸ“ Folder,snippets,Open Folder
2025-01-13 0:16:19,ğŸ“ Folder,snippets,Open Folder
2025-01-01 3:13:23,ğŸ“ Folder,snippets,Open Folder
2024-11-21 22:37:05,ğŸ“ Folder,snippets,Open Folder
2024-11-13 19:57:20,ğŸ“ Folder,snippets,Open Folder
2025-02-21 1:56:05,ğŸ“ Folder,snippets,Open Folder
2024-10-02 15:53:28,ğŸ“ Folder,snippets,Open Folder
2024-10-10 14:04:56,ğŸ“ Folder,snippets,Open Folder
2024-12-30 13:32:22,ğŸ“ Folder,snippets,Open Folder
2025-02-07 18:07:22,ğŸ“ Folder,snippets,Open Folder
2024-10-09 15:57:26,ğŸ“ Folder,snippets,Open Folder
2025-02-13 0:09:20,ğŸ“ Folder,snippets,Open Folder
2024-12-02 23:33:05,ğŸ“ Folder,snippets,Open Folder
2025-01-28 1:32:40,ğŸ“ Folder,snippets,Open Folder
2024-12-09 15:23:53,ğŸ“ Folder,snippets,Open Folder
2024-11-21 18:33:21,ğŸ“ Folder,snippets,Open Folder
2025-01-14 18:30:39,ğŸ“ Folder,snippets,Open Folder
2025-01-14 20:00:41,ğŸ“ Folder,snippets,Open Folder
2024-12-04 22:53:03,ğŸ“ Folder,snippets,Open Folder
2024-10-07 19:24:54,ğŸ“ Folder,snippets,Open Folder
2025-01-27 18:17:57,ğŸ“ Folder,snippets,Open Folder
2024-11-12 23:44:13,ğŸ“ Folder,snippets,Open Folder
2025-02-14 1:23:35,ğŸ“ Folder,snippets,Open Folder
2024-12-21 18:51:40,ğŸ“ Folder,snippets,Open Folder
2024-11-22 15:42:44,ğŸ“ Folder,snippets,Open Folder
2025-01-01 6:55:21,ğŸ“ Folder,snippets,Open Folder
2025-01-13 0:31:06,ğŸ“ Folder,snippets,Open Folder
2025-02-10 2:00:16,ğŸ“ Folder,snippets,Open Folder
2024-12-27 17:36:22,ğŸ“ Folder,snippets,Open Folder
2025-01-13 21:05:40,ğŸ“ Folder,snippets,Open Folder
2024-11-21 15:36:25,ğŸ“ Folder,snippets,Open Folder
2025-01-22 16:11:13,ğŸ“ Folder,snippets,Open Folder
2024-12-18 7:58:34,ğŸ“ Folder,snippets,Open Folder
2025-02-07 22:55:11,ğŸ“ Folder,snippets,Open Folder
2024-10-03 17:16:43,ğŸ“ Folder,snippets,Open Folder
2025-01-03 2:37:32,ğŸ“ Folder,snippets,Open Folder
2025-01-07 23:48:47,ğŸ“ Folder,snippets,Open Folder
2024-12-18 17:35:58,ğŸ“ Folder,snippets,Open Folder
2025-02-07 18:30:56,ğŸ“ Folder,snippets,Open Folder
2024-11-14 22:18:26,ğŸ“ Folder,snippets,Open Folder
2025-02-01 4:30:58,ğŸ“ Folder,snippets,Open Folder
2024-10-10 22:56:26,ğŸ“ Folder,snippets,Open Folder
2025-01-03 21:00:08,ğŸ“ Folder,snippets,Open Folder
2024-11-22 15:41:37,ğŸ“ Folder,snippets,Open Folder
2025-02-21 17:21:10,ğŸ“ Folder,snippets,Open Folder
2025-01-31 17:00:16,ğŸ“ Folder,snippets,Open Folder
2024-10-03 14:51:14,ğŸ“ Folder,snippets,Open Folder
2025-01-27 18:38:17,ğŸ“ Folder,snippets,Open Folder
2024-12-08 21:18:17,ğŸ“ Folder,snippets,Open Folder
2024-11-13 23:02:03,ğŸ“ Folder,snippets,Open Folder
2025-02-21 18:56:33,ğŸ“ Folder,snippets,Open Folder
2025-01-24 0:04:04,ğŸ“ Folder,snippets,Open Folder
2024-11-05 22:29:56,ğŸ“ Folder,snippets,Open Folder
2024-11-07 16:41:00,ğŸ“ Folder,snippets,Open Folder
2025-01-27 16:03:47,ğŸ“ Folder,snippets,Open Folder
2025-01-15 21:02:16,ğŸ“ Folder,snippets,Open Folder
2024-11-12 22:42:20,ğŸ“ Folder,snippets,Open Folder
2025-02-01 4:33:47,ğŸ“ Folder,snippets,Open Folder
2024-12-09 15:42:37,ğŸ“ Folder,snippets,Open Folder
2025-01-27 18:14:23,ğŸ“ Folder,snippets,Open Folder
2024-11-04 18:26:59,ğŸ“ Folder,snippets,Open Folder
2024-09-29 19:38:10,ğŸ“ Folder,snippets,Open Folder
2024-12-04 21:45:00,ğŸ“ Folder,snippets,Open Folder
2025-02-07 20:51:42,ğŸ“ Folder,snippets,Open Folder
2024-10-16 19:29:44,ğŸ“ Folder,snippets,Open Folder
2025-02-09 18:29:44,ğŸ“ Folder,snippets,Open Folder
2025-02-11 1:48:36,ğŸ“ Folder,snippets,Open Folder
2024-11-19 3:03:34,ğŸ“ Folder,snippets,Open Folder
2025-02-13 18:30:36,ğŸ“ Folder,snippets,Open Folder
2024-09-26 16:18:02,ğŸ“ Folder,snippets,Open Folder
2024-11-22 22:50:10,ğŸ“ Folder,snippets,Open Folder
2024-09-29 15:34:03,ğŸ“ Folder,snippets,Open Folder
2024-12-30 21:34:00,ğŸ“ Folder,snippets,Open Folder
2025-02-20 1:17:02,ğŸ“ Folder,snippets,Open Folder
2025-01-25 5:03:06,ğŸ“ Folder,snippets,Open Folder
2025-02-17 17:55:41,ğŸ“ Folder,snippets,Open Folder
2024-09-28 18:26:44,ğŸ“ Folder,snippets,Open Folder
2025-02-21 1:34:46,ğŸ“ Folder,snippets,Open Folder
2025-01-20 0:19:18,ğŸ“ Folder,snippets,Open Folder
2024-12-23 19:30:03,ğŸ“ Folder,snippets,Open Folder
2025-01-02 17:30:04,ğŸ“ Folder,snippets,Open Folder
2025-02-04 15:52:13,ğŸ“ Folder,snippets,Open Folder
2025-01-25 21:55:42,ğŸ“ Folder,snippets,Open Folder
2024-11-14 19:50:22,ğŸ“ Folder,snippets,Open Folder
2025-02-04 17:17:13,ğŸ“ Folder,snippets,Open Folder
2024-11-27 1:04:13,ğŸ“ Folder,snippets,Open Folder
2024-11-15 16:23:00,ğŸ“ Folder,snippets,Open Folder
2025-01-06 14:30:01,ğŸ“ Folder,snippets,Open Folder
2025-01-01 17:40:08,ğŸ“ Folder,snippets,Open Folder
2025-01-27 22:14:55,ğŸ“ Folder,snippets,Open Folder
2025-02-20 17:21:21,ğŸ“ Folder,snippets,Open Folder
2025-02-21 16:37:15,ğŸ“ Folder,snippets,Open Folder
2024-12-03 4:36:10,ğŸ“ Folder,snippets,Open Folder
2024-11-04 21:33:58,ğŸ“ Folder,snippets,Open Folder
2025-02-18 21:43:16,ğŸ“ Folder,snippets,Open Folder
2024-10-09 23:39:00,ğŸ“ Folder,snippets,Open Folder
2025-01-17 15:03:19,ğŸ“ Folder,snippets,Open Folder
2025-01-01 6:59:40,ğŸ“ Folder,snippets,Open Folder
2024-10-03 12:12:57,ğŸ“ Folder,snippets,Open Folder
2024-11-04 21:51:48,ğŸ“ Folder,snippets,Open Folder
2025-02-07 16:04:47,ğŸ“ Folder,snippets,Open Folder
2024-09-28 18:22:42,ğŸ“ Folder,snippets,Open Folder
2025-01-03 3:16:28,ğŸ“ Folder,snippets,Open Folder
2025-02-19 0:44:40,ğŸ“ Folder,snippets,Open Folder
2024-11-14 14:33:30,ğŸ“ Folder,snippets,Open Folder
2024-11-14 20:10:14,ğŸ“ Folder,snippets,Open Folder
2025-01-26 19:47:42,ğŸ“ Folder,snippets,Open Folder
2024-09-24 0:17:28,ğŸ“ Folder,snippets,Open Folder
2024-12-31 16:11:16,ğŸ“ Folder,snippets,Open Folder
2025-02-17 15:24:48,ğŸ“ Folder,snippets,Open Folder
2025-01-31 18:05:47,ğŸ“ Folder,snippets,Open Folder
2024-11-05 21:55:40,ğŸ“ Folder,snippets,Open Folder
2025-02-20 1:08:10,ğŸ“ Folder,snippets,Open Folder
2025-02-21 17:44:21,ğŸ“ Folder,snippets,Open Folder
2025-01-16 20:02:36,ğŸ“ Folder,snippets,Open Folder
2025-02-10 1:26:47,ğŸ“ Folder,snippets,Open Folder
2024-10-09 17:09:57,ğŸ“ Folder,snippets,Open Folder
2024-12-11 21:49:06,ğŸ“ Folder,snippets,Open Folder
2024-10-03 14:30:12,ğŸ“ Folder,snippets,Open Folder
2024-12-14 15:43:39,ğŸ“ Folder,snippets,Open Folder
2024-11-21 15:50:33,ğŸ“ Folder,snippets,Open Folder
2024-11-15 1:30:36,ğŸ“ Folder,snippets,Open Folder
2025-01-15 17:50:03,ğŸ“ Folder,snippets,Open Folder
2025-01-07 19:43:49,ğŸ“ Folder,snippets,Open Folder
2025-02-06 16:37:50,ğŸ“ Folder,snippets,Open Folder
2024-11-05 16:02:23,ğŸ“ Folder,snippets,Open Folder
2025-01-28 2:08:41,ğŸ“ Folder,snippets,Open Folder
2025-02-18 0:12:50,ğŸ“ Folder,snippets,Open Folder
2024-11-21 15:29:30,ğŸ“ Folder,snippets,Open Folder
2024-10-14 21:52:13,ğŸ“ Folder,snippets,Open Folder
2024-11-22 16:29:45,ğŸ“ Folder,snippets,Open Folder
2024-11-05 14:22:24,ğŸ“ Folder,snippets,Open Folder
2025-01-30 23:46:03,ğŸ“ Folder,snippets,Open Folder
2024-12-16 4:58:30,ğŸ“ Folder,snippets,Open Folder
2024-10-09 14:04:14,ğŸ“ Folder,snippets,Open Folder
2024-12-04 20:26:35,ğŸ“ Folder,snippets,Open Folder
2025-02-20 21:29:26,ğŸ“ Folder,snippets,Open Folder
2024-09-26 11:34:15,ğŸ“ Folder,snippets,Open Folder
2025-02-19 15:29:53,ğŸ“ Folder,snippets,Open Folder
2024-11-06 21:40:21,ğŸ“ Folder,snippets,Open Folder
2025-01-21 1:37:29,ğŸ“ Folder,snippets,Open Folder
2025-01-29 22:15:10,ğŸ“ Folder,snippets,Open Folder
2024-11-19 20:46:18,ğŸ“ Folder,snippets,Open Folder
2024-12-31 19:55:48,ğŸ“ Folder,snippets,Open Folder
2025-01-06 18:34:29,ğŸ“ Folder,snippets,Open Folder
2024-12-14 2:21:06,ğŸ“ Folder,snippets,Open Folder
2025-02-03 22:05:55,ğŸ“ Folder,snippets,Open Folder
2025-02-04 20:06:50,ğŸ“ Folder,snippets,Open Folder
2025-01-21 20:08:26,ğŸ“ Folder,snippets,Open Folder
2025-01-19 21:43:59,ğŸ“ Folder,snippets,Open Folder
2025-02-06 23:12:41,ğŸ“ Folder,snippets,Open Folder
2025-02-04 20:26:33,ğŸ“ Folder,snippets,Open Folder
2025-01-28 1:57:41,ğŸ“ Folder,snippets,Open Folder
2024-10-14 15:33:27,ğŸ“ Folder,snippets,Open Folder
2024-11-15 4:24:12,ğŸ“ Folder,snippets,Open Folder
2025-02-06 1:13:25,ğŸ“ Folder,snippets,Open Folder
2024-11-18 19:36:10,ğŸ“ Folder,snippets,Open Folder
2024-10-03 0:06:38,ğŸ“ Folder,snippets,Open Folder
2025-02-09 17:27:31,ğŸ“ Folder,snippets,Open Folder
2024-12-23 16:57:10,ğŸ“ Folder,snippets,Open Folder
2024-12-30 15:18:01,ğŸ“ Folder,snippets,Open Folder
2025-02-06 17:36:43,ğŸ“ Folder,snippets,Open Folder
2024-11-21 3:13:11,ğŸ“ Folder,snippets,Open Folder